session_uuid,item_id,qty_delta,category,session_name,local_start_time,wiki_pricing_timestamp,item_name,hourly_ts,hist_price_unit,total_value
03d81bfc-6406-46d2-85f7-fa1bd2ced911,560,450.0,LOOT,2,2026-01-14 11:34:57 PM,1768460400,Death rune,1768460400,119,53550.0
03d81bfc-6406-46d2-85f7-fa1bd2ced911,830,300.0,LOOT,2,2026-01-14 11:34:57 PM,1768460400,Rune javelin,1768460400,115,34500.0
03d81bfc-6406-46d2-85f7-fa1bd2ced911,23733,-4.5,SUPPLY,2,2026-01-14 11:34:57 PM,1768460400,Divine ranging potion(4),1768460400,5142,-23139.0
03d81bfc-6406-46d2-85f7-fa1bd2ced911,561,-41.0,SUPPLY,2,2026-01-14 11:34:57 PM,1768460400,Nature rune,1768460400,86,-3526.0
03d81bfc-6406-46d2-85f7-fa1bd2ced911,11232,80.0,LOOT,2,2026-01-14 11:34:57 PM,1768460400,Dragon dart tip,1768460400,1412,112960.0
03d81bfc-6406-46d2-85f7-fa1bd2ced911,9243,-343.0,SUPPLY,2,2026-01-14 11:34:57 PM,1768460400,Diamond bolts (e),1768460400,317,-108731.0
03d81bfc-6406-46d2-85f7-fa1bd2ced911,1747,198.0,LOOT,2,2026-01-14 11:34:57 PM,1768460400,Black dragonhide,1768460400,2657,526086.0
03d81bfc-6406-46d2-85f7-fa1bd2ced911,811,180.0,LOOT,2,2026-01-14 11:34:57 PM,1768460400,Rune dart,1768460400,165,29700.0
03d81bfc-6406-46d2-85f7-fa1bd2ced911,868,125.0,LOOT,2,2026-01-14 11:34:57 PM,1768460400,Rune knife,1768460400,110,13750.0
03d81bfc-6406-46d2-85f7-fa1bd2ced911,13441,13.0,LOOT,2,2026-01-14 11:34:57 PM,1768460400,Anglerfish,1768460400,1819,23647.0
03d81bfc-6406-46d2-85f7-fa1bd2ced911,2434,-21.5,SUPPLY,2,2026-01-14 11:34:57 PM,1768460400,Prayer potion(4),1768460400,8035,-172752.5
03d81bfc-6406-46d2-85f7-fa1bd2ced911,995,1101177.0,LOOT,2,2026-01-14 11:34:57 PM,1768460400,,1768460400,0,0.0
03d81bfc-6406-46d2-85f7-fa1bd2ced911,13510,7.0,LOOT,2,2026-01-14 11:34:57 PM,1768460400,,1768460400,0,0.0
03d81bfc-6406-46d2-85f7-fa1bd2ced911,2552,-1.5,SUPPLY,2,2026-01-14 11:34:57 PM,1768460400,Ring of dueling(8),1768460400,735,-1102.5
03d81bfc-6406-46d2-85f7-fa1bd2ced911,19582,40.0,LOOT,2,2026-01-14 11:34:57 PM,1768460400,Dragon javelin tips,1768460400,1007,40280.0
03d81bfc-6406-46d2-85f7-fa1bd2ced911,19677,1.0,LOOT,2,2026-01-14 11:34:57 PM,1768460400,,1768460400,0,0.0
03d81bfc-6406-46d2-85f7-fa1bd2ced911,566,250.0,LOOT,2,2026-01-14 11:34:57 PM,1768460400,Soul rune,1768460400,296,74000.0
03d81bfc-6406-46d2-85f7-fa1bd2ced911,563,225.0,LOOT,2,2026-01-14 11:34:57 PM,1768460400,Law rune,1768460400,117,26325.0
03d81bfc-6406-46d2-85f7-fa1bd2ced911,554,-205.0,SUPPLY,2,2026-01-14 11:34:57 PM,1768460400,Fire rune,1768460400,5,-1025.0
03d81bfc-6406-46d2-85f7-fa1bd2ced911,2503,1.0,LOOT,2,2026-01-14 11:34:57 PM,1768460400,Black d'hide body,1768460400,7503,7503.0
03d81bfc-6406-46d2-85f7-fa1bd2ced911,565,150.0,LOOT,2,2026-01-14 11:34:57 PM,1768460400,Blood rune,1768460400,212,31800.0
03d81bfc-6406-46d2-85f7-fa1bd2ced911,7946,-8.0,SUPPLY,2,2026-01-14 11:34:57 PM,1768460400,Monkfish,1768460400,453,-3624.0
03d81bfc-6406-46d2-85f7-fa1bd2ced911,11962,-8.0,SUPPLY,2,2026-01-14 11:34:57 PM,1768460400,Extended antifire mix(1),1768460400,0,-0.0
03d81bfc-6406-46d2-85f7-fa1bd2ced911,892,600.0,LOOT,2,2026-01-14 11:34:57 PM,1768460400,Rune arrow,1768460400,215,129000.0
290bddc7-c087-434c-885d-8c2d002a06a1,560,450.0,LOOT,9,2026-01-18 11:44:24 PM,1768807800,Death rune,1768806000,124,55800.0
290bddc7-c087-434c-885d-8c2d002a06a1,830,400.0,LOOT,9,2026-01-18 11:44:24 PM,1768807800,Rune javelin,1768806000,124,49600.0
290bddc7-c087-434c-885d-8c2d002a06a1,23733,-5.5,SUPPLY,9,2026-01-18 11:44:24 PM,1768807800,Divine ranging potion(4),1768806000,5519,-30354.5
290bddc7-c087-434c-885d-8c2d002a06a1,561,-54.0,SUPPLY,9,2026-01-18 11:44:24 PM,1768807800,Nature rune,1768806000,92,-4968.0
290bddc7-c087-434c-885d-8c2d002a06a1,11232,240.0,LOOT,9,2026-01-18 11:44:24 PM,1768807800,Dragon dart tip,1768806000,1449,347760.0
290bddc7-c087-434c-885d-8c2d002a06a1,9243,-434.0,SUPPLY,9,2026-01-18 11:44:24 PM,1768807800,Diamond bolts (e),1768806000,305,-132370.0
290bddc7-c087-434c-885d-8c2d002a06a1,1747,260.0,LOOT,9,2026-01-18 11:44:24 PM,1768807800,Black dragonhide,1768806000,2736,711360.0
290bddc7-c087-434c-885d-8c2d002a06a1,811,40.0,LOOT,9,2026-01-18 11:44:24 PM,1768807800,Rune dart,1768806000,178,7120.0
290bddc7-c087-434c-885d-8c2d002a06a1,868,50.0,LOOT,9,2026-01-18 11:44:24 PM,1768807800,Rune knife,1768806000,139,6950.0
290bddc7-c087-434c-885d-8c2d002a06a1,13441,6.0,LOOT,9,2026-01-18 11:44:24 PM,1768807800,Anglerfish,1768806000,1876,11256.0
290bddc7-c087-434c-885d-8c2d002a06a1,11237,40.0,LOOT,9,2026-01-18 11:44:24 PM,1768807800,Dragon arrowtips,1768806000,1888,75520.0
290bddc7-c087-434c-885d-8c2d002a06a1,2434,-29.0,SUPPLY,9,2026-01-18 11:44:24 PM,1768807800,Prayer potion(4),1768806000,8196,-237684.0
290bddc7-c087-434c-885d-8c2d002a06a1,995,1353824.0,LOOT,9,2026-01-18 11:44:24 PM,1768807800,,1768806000,0,0.0
290bddc7-c087-434c-885d-8c2d002a06a1,13510,2.0,LOOT,9,2026-01-18 11:44:24 PM,1768807800,,1768806000,0,0.0
290bddc7-c087-434c-885d-8c2d002a06a1,452,6.0,LOOT,9,2026-01-18 11:44:24 PM,1768807800,,1768806000,0,0.0
290bddc7-c087-434c-885d-8c2d002a06a1,2552,-1.75,SUPPLY,9,2026-01-18 11:44:24 PM,1768807800,Ring of dueling(8),1768806000,683,-1195.25
290bddc7-c087-434c-885d-8c2d002a06a1,19582,80.0,LOOT,9,2026-01-18 11:44:24 PM,1768807800,Dragon javelin tips,1768806000,976,78080.0
290bddc7-c087-434c-885d-8c2d002a06a1,379,-2.0,SUPPLY,9,2026-01-18 11:44:24 PM,1768807800,Lobster,1768806000,180,-360.0
290bddc7-c087-434c-885d-8c2d002a06a1,987,1.0,LOOT,9,2026-01-18 11:44:24 PM,1768807800,Loop half of key,1768806000,9730,9730.0
290bddc7-c087-434c-885d-8c2d002a06a1,19677,2.0,LOOT,9,2026-01-18 11:44:24 PM,1768807800,,1768806000,0,0.0
290bddc7-c087-434c-885d-8c2d002a06a1,566,300.0,LOOT,9,2026-01-18 11:44:24 PM,1768807800,Soul rune,1768806000,312,93600.0
290bddc7-c087-434c-885d-8c2d002a06a1,563,822.0,LOOT,9,2026-01-18 11:44:24 PM,1768807800,Law rune,1768806000,119,97818.0
290bddc7-c087-434c-885d-8c2d002a06a1,805,60.0,LOOT,9,2026-01-18 11:44:24 PM,1768807800,Rune thrownaxe,1768806000,303,18180.0
290bddc7-c087-434c-885d-8c2d002a06a1,565,300.0,LOOT,9,2026-01-18 11:44:24 PM,1768807800,Blood rune,1768806000,216,64800.0
290bddc7-c087-434c-885d-8c2d002a06a1,7946,-18.0,SUPPLY,9,2026-01-18 11:44:24 PM,1768807800,Monkfish,1768806000,397,-7146.0
290bddc7-c087-434c-885d-8c2d002a06a1,4697,-273.0,SUPPLY,9,2026-01-18 11:44:24 PM,1768807800,Smoke rune,1768806000,101,-27573.0
290bddc7-c087-434c-885d-8c2d002a06a1,11962,-10.0,SUPPLY,9,2026-01-18 11:44:24 PM,1768807800,Extended antifire mix(1),1768806000,0,-0.0
290bddc7-c087-434c-885d-8c2d002a06a1,892,375.0,LOOT,9,2026-01-18 11:44:24 PM,1768807800,Rune arrow,1768806000,210,78750.0
e301bb0a-a8ca-4ff3-8d16-d167a43e4d56,560,525.0,LOOT,14,2026-01-20 01:08:11 AM,1768897200,Death rune,1768896000,126,66150.0
e301bb0a-a8ca-4ff3-8d16-d167a43e4d56,830,350.0,LOOT,14,2026-01-20 01:08:11 AM,1768897200,Rune javelin,1768896000,126,44100.0
e301bb0a-a8ca-4ff3-8d16-d167a43e4d56,23733,-3.75,SUPPLY,14,2026-01-20 01:08:11 AM,1768897200,Divine ranging potion(4),1768896000,5671,-21266.25
e301bb0a-a8ca-4ff3-8d16-d167a43e4d56,561,-31.0,SUPPLY,14,2026-01-20 01:08:11 AM,1768897200,Nature rune,1768896000,93,-2883.0
e301bb0a-a8ca-4ff3-8d16-d167a43e4d56,9243,-253.0,SUPPLY,14,2026-01-20 01:08:11 AM,1768897200,Diamond bolts (e),1768896000,326,-82478.0
e301bb0a-a8ca-4ff3-8d16-d167a43e4d56,1747,156.0,LOOT,14,2026-01-20 01:08:11 AM,1768897200,Black dragonhide,1768896000,2727,425412.0
e301bb0a-a8ca-4ff3-8d16-d167a43e4d56,811,180.0,LOOT,14,2026-01-20 01:08:11 AM,1768897200,Rune dart,1768896000,172,30960.0
e301bb0a-a8ca-4ff3-8d16-d167a43e4d56,2491,3.0,LOOT,14,2026-01-20 01:08:11 AM,1768897200,Black d'hide vambraces,1768896000,3328,9984.0
e301bb0a-a8ca-4ff3-8d16-d167a43e4d56,985,1.0,LOOT,14,2026-01-20 01:08:11 AM,1768897200,Tooth half of key,1768896000,9564,9564.0
e301bb0a-a8ca-4ff3-8d16-d167a43e4d56,19613,-1.0,SUPPLY,14,2026-01-20 01:08:11 AM,1768897200,Arceuus library teleport (tablet),1768896000,1855,-1855.0
e301bb0a-a8ca-4ff3-8d16-d167a43e4d56,868,100.0,LOOT,14,2026-01-20 01:08:11 AM,1768897200,Rune knife,1768896000,142,14200.0
e301bb0a-a8ca-4ff3-8d16-d167a43e4d56,11237,120.0,LOOT,14,2026-01-20 01:08:11 AM,1768897200,Dragon arrowtips,1768896000,1889,226680.0
e301bb0a-a8ca-4ff3-8d16-d167a43e4d56,2434,-17.25,SUPPLY,14,2026-01-20 01:08:11 AM,1768897200,Prayer potion(4),1768896000,8079,-139362.75
e301bb0a-a8ca-4ff3-8d16-d167a43e4d56,995,703124.0,LOOT,14,2026-01-20 01:08:11 AM,1768897200,,1768896000,0,0.0
e301bb0a-a8ca-4ff3-8d16-d167a43e4d56,13510,6.0,LOOT,14,2026-01-20 01:08:11 AM,1768897200,,1768896000,0,0.0
e301bb0a-a8ca-4ff3-8d16-d167a43e4d56,2552,-1.125,SUPPLY,14,2026-01-20 01:08:11 AM,1768897200,Ring of dueling(8),1768896000,672,-756.0
e301bb0a-a8ca-4ff3-8d16-d167a43e4d56,19582,80.0,LOOT,14,2026-01-20 01:08:11 AM,1768897200,Dragon javelin tips,1768896000,961,76880.0
e301bb0a-a8ca-4ff3-8d16-d167a43e4d56,379,-2.0,SUPPLY,14,2026-01-20 01:08:11 AM,1768897200,Lobster,1768896000,183,-366.0
e301bb0a-a8ca-4ff3-8d16-d167a43e4d56,987,1.0,LOOT,14,2026-01-20 01:08:11 AM,1768897200,Loop half of key,1768896000,9882,9882.0
e301bb0a-a8ca-4ff3-8d16-d167a43e4d56,2363,1.0,LOOT,14,2026-01-20 01:08:11 AM,1768897200,Runite bar,1768896000,12292,12292.0
e301bb0a-a8ca-4ff3-8d16-d167a43e4d56,566,100.0,LOOT,14,2026-01-20 01:08:11 AM,1768897200,Soul rune,1768896000,302,30200.0
e301bb0a-a8ca-4ff3-8d16-d167a43e4d56,563,443.0,LOOT,14,2026-01-20 01:08:11 AM,1768897200,Law rune,1768896000,118,52274.0
e301bb0a-a8ca-4ff3-8d16-d167a43e4d56,805,30.0,LOOT,14,2026-01-20 01:08:11 AM,1768897200,Rune thrownaxe,1768896000,225,6750.0
e301bb0a-a8ca-4ff3-8d16-d167a43e4d56,565,200.0,LOOT,14,2026-01-20 01:08:11 AM,1768897200,Blood rune,1768896000,214,42800.0
e301bb0a-a8ca-4ff3-8d16-d167a43e4d56,7946,-11.0,SUPPLY,14,2026-01-20 01:08:11 AM,1768897200,Monkfish,1768896000,413,-4543.0
e301bb0a-a8ca-4ff3-8d16-d167a43e4d56,4697,-162.0,SUPPLY,14,2026-01-20 01:08:11 AM,1768897200,Smoke rune,1768896000,115,-18630.0
e301bb0a-a8ca-4ff3-8d16-d167a43e4d56,11962,-6.0,SUPPLY,14,2026-01-20 01:08:11 AM,1768897200,Extended antifire mix(1),1768896000,0,-0.0
e301bb0a-a8ca-4ff3-8d16-d167a43e4d56,892,375.0,LOOT,14,2026-01-20 01:08:11 AM,1768897200,Rune arrow,1768896000,210,78750.0
f3783e6d-4de4-428e-aab4-067be4ca45b1,560,300.0,LOOT,21,2026-02-02 12:49:04 AM,1770016500,Death rune,1770015600,151,45300.0
f3783e6d-4de4-428e-aab4-067be4ca45b1,830,100.0,LOOT,21,2026-02-02 12:49:04 AM,1770016500,Rune javelin,1770015600,137,13700.0
f3783e6d-4de4-428e-aab4-067be4ca45b1,23733,-1.5,SUPPLY,21,2026-02-02 12:49:04 AM,1770016500,Divine ranging potion(4),1770015600,4768,-7152.0
f3783e6d-4de4-428e-aab4-067be4ca45b1,561,-11.0,SUPPLY,21,2026-02-02 12:49:04 AM,1770016500,Nature rune,1770015600,96,-1056.0
f3783e6d-4de4-428e-aab4-067be4ca45b1,9243,-91.0,SUPPLY,21,2026-02-02 12:49:04 AM,1770016500,Diamond bolts (e),1770015600,243,-22113.0
f3783e6d-4de4-428e-aab4-067be4ca45b1,1747,66.0,LOOT,21,2026-02-02 12:49:04 AM,1770016500,Black dragonhide,1770015600,3312,218592.0
f3783e6d-4de4-428e-aab4-067be4ca45b1,811,60.0,LOOT,21,2026-02-02 12:49:04 AM,1770016500,Rune dart,1770015600,198,11880.0
f3783e6d-4de4-428e-aab4-067be4ca45b1,13441,3.0,LOOT,21,2026-02-02 12:49:04 AM,1770016500,Anglerfish,1770015600,1922,5766.0
f3783e6d-4de4-428e-aab4-067be4ca45b1,2434,-7.5,SUPPLY,21,2026-02-02 12:49:04 AM,1770016500,Prayer potion(4),1770015600,8218,-61635.0
f3783e6d-4de4-428e-aab4-067be4ca45b1,995,250810.0,LOOT,21,2026-02-02 12:49:04 AM,1770016500,,1770015600,0,0.0
f3783e6d-4de4-428e-aab4-067be4ca45b1,13510,1.0,LOOT,21,2026-02-02 12:49:04 AM,1770016500,,1770015600,0,0.0
f3783e6d-4de4-428e-aab4-067be4ca45b1,2552,-0.5,SUPPLY,21,2026-02-02 12:49:04 AM,1770016500,Ring of dueling(8),1770015600,732,-366.0
f3783e6d-4de4-428e-aab4-067be4ca45b1,24364,1.0,LOOT,21,2026-02-02 12:49:04 AM,1770016500,,1770015600,0,0.0
f3783e6d-4de4-428e-aab4-067be4ca45b1,19677,1.0,LOOT,21,2026-02-02 12:49:04 AM,1770016500,,1770015600,0,0.0
f3783e6d-4de4-428e-aab4-067be4ca45b1,566,150.0,LOOT,21,2026-02-02 12:49:04 AM,1770016500,Soul rune,1770015600,328,49200.0
f3783e6d-4de4-428e-aab4-067be4ca45b1,563,148.0,LOOT,21,2026-02-02 12:49:04 AM,1770016500,Law rune,1770015600,120,17760.0
f3783e6d-4de4-428e-aab4-067be4ca45b1,805,30.0,LOOT,21,2026-02-02 12:49:04 AM,1770016500,Rune thrownaxe,1770015600,186,5580.0
f3783e6d-4de4-428e-aab4-067be4ca45b1,565,150.0,LOOT,21,2026-02-02 12:49:04 AM,1770016500,Blood rune,1770015600,219,32850.0
f3783e6d-4de4-428e-aab4-067be4ca45b1,7946,-9.0,SUPPLY,21,2026-02-02 12:49:04 AM,1770016500,Monkfish,1770015600,322,-2898.0
f3783e6d-4de4-428e-aab4-067be4ca45b1,4697,-57.0,SUPPLY,21,2026-02-02 12:49:04 AM,1770016500,Smoke rune,1770015600,100,-5700.0
f3783e6d-4de4-428e-aab4-067be4ca45b1,1163,2.0,LOOT,21,2026-02-02 12:49:04 AM,1770016500,Rune full helm,1770015600,20786,41572.0
f3783e6d-4de4-428e-aab4-067be4ca45b1,11962,-3.0,SUPPLY,21,2026-02-02 12:49:04 AM,1770016500,Extended antifire mix(1),1770015600,0,-0.0
f3783e6d-4de4-428e-aab4-067be4ca45b1,892,375.0,LOOT,21,2026-02-02 12:49:04 AM,1770016500,Rune arrow,1770015600,104,39000.0
77d8bc53-8240-4c20-ab3d-b93c0acbe172,19683,1.0,LOOT,19,2026-01-30 11:17:51 PM,1769837700,,1769835600,0,0.0
77d8bc53-8240-4c20-ab3d-b93c0acbe172,23733,-0.75,SUPPLY,19,2026-01-30 11:17:51 PM,1769837700,Divine ranging potion(4),1769835600,5582,-4186.5
77d8bc53-8240-4c20-ab3d-b93c0acbe172,561,-6.0,SUPPLY,19,2026-01-30 11:17:51 PM,1769837700,Nature rune,1769835600,95,-570.0
77d8bc53-8240-4c20-ab3d-b93c0acbe172,11232,40.0,LOOT,19,2026-01-30 11:17:51 PM,1769837700,Dragon dart tip,1769835600,1564,62560.0
77d8bc53-8240-4c20-ab3d-b93c0acbe172,9243,-70.0,SUPPLY,19,2026-01-30 11:17:51 PM,1769837700,Diamond bolts (e),1769835600,264,-18480.0
77d8bc53-8240-4c20-ab3d-b93c0acbe172,1747,36.0,LOOT,19,2026-01-30 11:17:51 PM,1769837700,Black dragonhide,1769835600,3121,112356.0
77d8bc53-8240-4c20-ab3d-b93c0acbe172,811,20.0,LOOT,19,2026-01-30 11:17:51 PM,1769837700,Rune dart,1769835600,202,4040.0
77d8bc53-8240-4c20-ab3d-b93c0acbe172,868,25.0,LOOT,19,2026-01-30 11:17:51 PM,1769837700,Rune knife,1769835600,229,5725.0
77d8bc53-8240-4c20-ab3d-b93c0acbe172,13441,1.0,LOOT,19,2026-01-30 11:17:51 PM,1769837700,Anglerfish,1769835600,1854,1854.0
77d8bc53-8240-4c20-ab3d-b93c0acbe172,2434,-4.0,SUPPLY,19,2026-01-30 11:17:51 PM,1769837700,Prayer potion(4),1769835600,8070,-32280.0
77d8bc53-8240-4c20-ab3d-b93c0acbe172,995,110406.0,LOOT,19,2026-01-30 11:17:51 PM,1769837700,,1769835600,0,0.0
77d8bc53-8240-4c20-ab3d-b93c0acbe172,13510,2.0,LOOT,19,2026-01-30 11:17:51 PM,1769837700,,1769835600,0,0.0
77d8bc53-8240-4c20-ab3d-b93c0acbe172,2552,-0.25,SUPPLY,19,2026-01-30 11:17:51 PM,1769837700,Ring of dueling(8),1769835600,734,-183.5
77d8bc53-8240-4c20-ab3d-b93c0acbe172,563,150.0,LOOT,19,2026-01-30 11:17:51 PM,1769837700,Law rune,1769835600,121,18150.0
77d8bc53-8240-4c20-ab3d-b93c0acbe172,554,-30.0,SUPPLY,19,2026-01-30 11:17:51 PM,1769837700,Fire rune,1769835600,5,-150.0
77d8bc53-8240-4c20-ab3d-b93c0acbe172,565,50.0,LOOT,19,2026-01-30 11:17:51 PM,1769837700,Blood rune,1769835600,222,11100.0
77d8bc53-8240-4c20-ab3d-b93c0acbe172,7946,-3.0,SUPPLY,19,2026-01-30 11:17:51 PM,1769837700,Monkfish,1769835600,311,-933.0
77d8bc53-8240-4c20-ab3d-b93c0acbe172,11962,-2.0,SUPPLY,19,2026-01-30 11:17:51 PM,1769837700,Extended antifire mix(1),1769835600,0,-0.0
52644b91-9ca9-4cdf-a27a-9112bda2ea0c,560,225.0,LOOT,13,2026-01-20 12:17:26 AM,1768892400,Death rune,1768892400,126,28350.0
52644b91-9ca9-4cdf-a27a-9112bda2ea0c,830,350.0,LOOT,13,2026-01-20 12:17:26 AM,1768892400,Rune javelin,1768892400,128,44800.0
52644b91-9ca9-4cdf-a27a-9112bda2ea0c,23733,-2.25,SUPPLY,13,2026-01-20 12:17:26 AM,1768892400,Divine ranging potion(4),1768892400,5729,-12890.25
52644b91-9ca9-4cdf-a27a-9112bda2ea0c,561,-17.0,SUPPLY,13,2026-01-20 12:17:26 AM,1768892400,Nature rune,1768892400,94,-1598.0
52644b91-9ca9-4cdf-a27a-9112bda2ea0c,11232,80.0,LOOT,13,2026-01-20 12:17:26 AM,1768892400,Dragon dart tip,1768892400,1432,114560.0
52644b91-9ca9-4cdf-a27a-9112bda2ea0c,1747,102.0,LOOT,13,2026-01-20 12:17:26 AM,1768892400,Black dragonhide,1768892400,2733,278766.0
52644b91-9ca9-4cdf-a27a-9112bda2ea0c,811,40.0,LOOT,13,2026-01-20 12:17:26 AM,1768892400,Rune dart,1768892400,173,6920.0
52644b91-9ca9-4cdf-a27a-9112bda2ea0c,868,25.0,LOOT,13,2026-01-20 12:17:26 AM,1768892400,Rune knife,1768892400,136,3400.0
52644b91-9ca9-4cdf-a27a-9112bda2ea0c,2434,-11.5,SUPPLY,13,2026-01-20 12:17:26 AM,1768892400,Prayer potion(4),1768892400,8071,-92816.5
52644b91-9ca9-4cdf-a27a-9112bda2ea0c,995,525270.0,LOOT,13,2026-01-20 12:17:26 AM,1768892400,,1768892400,0,0.0
52644b91-9ca9-4cdf-a27a-9112bda2ea0c,13510,4.0,LOOT,13,2026-01-20 12:17:26 AM,1768892400,,1768892400,0,0.0
52644b91-9ca9-4cdf-a27a-9112bda2ea0c,2552,-0.75,SUPPLY,13,2026-01-20 12:17:26 AM,1768892400,Ring of dueling(8),1768892400,672,-504.0
52644b91-9ca9-4cdf-a27a-9112bda2ea0c,19582,40.0,LOOT,13,2026-01-20 12:17:26 AM,1768892400,Dragon javelin tips,1768892400,964,38560.0
52644b91-9ca9-4cdf-a27a-9112bda2ea0c,987,1.0,LOOT,13,2026-01-20 12:17:26 AM,1768892400,Loop half of key,1768892400,9780,9780.0
52644b91-9ca9-4cdf-a27a-9112bda2ea0c,566,150.0,LOOT,13,2026-01-20 12:17:26 AM,1768892400,Soul rune,1768892400,306,45900.0
52644b91-9ca9-4cdf-a27a-9112bda2ea0c,563,-10.0,SUPPLY,13,2026-01-20 12:17:26 AM,1768892400,Law rune,1768892400,118,-1180.0
52644b91-9ca9-4cdf-a27a-9112bda2ea0c,805,90.0,LOOT,13,2026-01-20 12:17:26 AM,1768892400,Rune thrownaxe,1768892400,226,20340.0
52644b91-9ca9-4cdf-a27a-9112bda2ea0c,565,250.0,LOOT,13,2026-01-20 12:17:26 AM,1768892400,Blood rune,1768892400,217,54250.0
52644b91-9ca9-4cdf-a27a-9112bda2ea0c,21936,-130.0,SUPPLY,13,2026-01-20 12:17:26 AM,1768892400,Pearl dragon bolts (e),1768892400,0,-0.0
52644b91-9ca9-4cdf-a27a-9112bda2ea0c,7946,-6.0,SUPPLY,13,2026-01-20 12:17:26 AM,1768892400,Monkfish,1768892400,423,-2538.0
52644b91-9ca9-4cdf-a27a-9112bda2ea0c,4697,-95.0,SUPPLY,13,2026-01-20 12:17:26 AM,1768892400,Smoke rune,1768892400,111,-10545.0
52644b91-9ca9-4cdf-a27a-9112bda2ea0c,11962,-4.0,SUPPLY,13,2026-01-20 12:17:26 AM,1768892400,Extended antifire mix(1),1768892400,0,-0.0
52644b91-9ca9-4cdf-a27a-9112bda2ea0c,892,450.0,LOOT,13,2026-01-20 12:17:26 AM,1768892400,Rune arrow,1768892400,212,95400.0
4300808f-fddf-416a-a2b2-69b15c0422cf,19683,1.0,LOOT,10,2026-01-19 01:58:54 AM,1768813200,,1768813200,0,0.0
4300808f-fddf-416a-a2b2-69b15c0422cf,11232,40.0,LOOT,10,2026-01-19 01:58:54 AM,1768813200,Dragon dart tip,1768813200,1404,56160.0
4300808f-fddf-416a-a2b2-69b15c0422cf,868,25.0,LOOT,10,2026-01-19 01:58:54 AM,1768813200,Rune knife,1768813200,147,3675.0
4300808f-fddf-416a-a2b2-69b15c0422cf,13441,7.0,LOOT,10,2026-01-19 01:58:54 AM,1768813200,Anglerfish,1768813200,1880,13160.0
4300808f-fddf-416a-a2b2-69b15c0422cf,2434,-17.75,SUPPLY,10,2026-01-19 01:58:54 AM,1768813200,Prayer potion(4),1768813200,8222,-145940.5
4300808f-fddf-416a-a2b2-69b15c0422cf,13510,5.0,LOOT,10,2026-01-19 01:58:54 AM,1768813200,,1768813200,0,0.0
4300808f-fddf-416a-a2b2-69b15c0422cf,452,6.0,LOOT,10,2026-01-19 01:58:54 AM,1768813200,,1768813200,0,0.0
4300808f-fddf-416a-a2b2-69b15c0422cf,19677,1.0,LOOT,10,2026-01-19 01:58:54 AM,1768813200,,1768813200,0,0.0
4300808f-fddf-416a-a2b2-69b15c0422cf,4697,-130.0,SUPPLY,10,2026-01-19 01:58:54 AM,1768813200,Smoke rune,1768813200,98,-12740.0
4300808f-fddf-416a-a2b2-69b15c0422cf,560,75.0,LOOT,10,2026-01-19 01:58:54 AM,1768813200,Death rune,1768813200,123,9225.0
4300808f-fddf-416a-a2b2-69b15c0422cf,830,350.0,LOOT,10,2026-01-19 01:58:54 AM,1768813200,Rune javelin,1768813200,126,44100.0
4300808f-fddf-416a-a2b2-69b15c0422cf,23733,-3.0,SUPPLY,10,2026-01-19 01:58:54 AM,1768813200,Divine ranging potion(4),1768813200,5477,-16431.0
4300808f-fddf-416a-a2b2-69b15c0422cf,561,-26.0,SUPPLY,10,2026-01-19 01:58:54 AM,1768813200,Nature rune,1768813200,93,-2418.0
4300808f-fddf-416a-a2b2-69b15c0422cf,9243,-310.0,SUPPLY,10,2026-01-19 01:58:54 AM,1768813200,Diamond bolts (e),1768813200,302,-93620.0
4300808f-fddf-416a-a2b2-69b15c0422cf,1747,144.0,LOOT,10,2026-01-19 01:58:54 AM,1768813200,Black dragonhide,1768813200,2727,392688.0
4300808f-fddf-416a-a2b2-69b15c0422cf,811,20.0,LOOT,10,2026-01-19 01:58:54 AM,1768813200,Rune dart,1768813200,172,3440.0
4300808f-fddf-416a-a2b2-69b15c0422cf,2491,1.0,LOOT,10,2026-01-19 01:58:54 AM,1768813200,Black d'hide vambraces,1768813200,3020,3020.0
4300808f-fddf-416a-a2b2-69b15c0422cf,19681,1.0,LOOT,10,2026-01-19 01:58:54 AM,1768813200,,1768813200,0,0.0
4300808f-fddf-416a-a2b2-69b15c0422cf,11237,160.0,LOOT,10,2026-01-19 01:58:54 AM,1768813200,Dragon arrowtips,1768813200,1888,302080.0
4300808f-fddf-416a-a2b2-69b15c0422cf,995,723080.0,LOOT,10,2026-01-19 01:58:54 AM,1768813200,,1768813200,0,0.0
4300808f-fddf-416a-a2b2-69b15c0422cf,2552,-1.0,SUPPLY,10,2026-01-19 01:58:54 AM,1768813200,Ring of dueling(8),1768813200,683,-683.0
4300808f-fddf-416a-a2b2-69b15c0422cf,19582,40.0,LOOT,10,2026-01-19 01:58:54 AM,1768813200,Dragon javelin tips,1768813200,999,39960.0
4300808f-fddf-416a-a2b2-69b15c0422cf,379,-5.0,SUPPLY,10,2026-01-19 01:58:54 AM,1768813200,Lobster,1768813200,179,-895.0
4300808f-fddf-416a-a2b2-69b15c0422cf,566,150.0,LOOT,10,2026-01-19 01:58:54 AM,1768813200,Soul rune,1768813200,308,46200.0
4300808f-fddf-416a-a2b2-69b15c0422cf,565,100.0,LOOT,10,2026-01-19 01:58:54 AM,1768813200,Blood rune,1768813200,217,21700.0
4300808f-fddf-416a-a2b2-69b15c0422cf,7946,-12.0,SUPPLY,10,2026-01-19 01:58:54 AM,1768813200,Monkfish,1768813200,399,-4788.0
4300808f-fddf-416a-a2b2-69b15c0422cf,11962,-6.0,SUPPLY,10,2026-01-19 01:58:54 AM,1768813200,Extended antifire mix(1),1768813200,0,-0.0
4300808f-fddf-416a-a2b2-69b15c0422cf,892,300.0,LOOT,10,2026-01-19 01:58:54 AM,1768813200,Rune arrow,1768813200,205,61500.0
6621c323-d833-4b01-892c-d4a676b3125b,11232,200.0,LOOT,15,2026-01-23 07:40:58 PM,1769230500,Dragon dart tip,1769227200,1484,296800.0
6621c323-d833-4b01-892c-d4a676b3125b,868,175.0,LOOT,15,2026-01-23 07:40:58 PM,1769230500,Rune knife,1769227200,174,30450.0
6621c323-d833-4b01-892c-d4a676b3125b,13441,5.0,LOOT,15,2026-01-23 07:40:58 PM,1769230500,Anglerfish,1769227200,1856,9280.0
6621c323-d833-4b01-892c-d4a676b3125b,2434,-48.75,SUPPLY,15,2026-01-23 07:40:58 PM,1769230500,Prayer potion(4),1769227200,7954,-387757.5
6621c323-d833-4b01-892c-d4a676b3125b,13510,7.0,LOOT,15,2026-01-23 07:40:58 PM,1769230500,,1769227200,0,0.0
6621c323-d833-4b01-892c-d4a676b3125b,452,15.0,LOOT,15,2026-01-23 07:40:58 PM,1769230500,,1769227200,0,0.0
6621c323-d833-4b01-892c-d4a676b3125b,19677,3.0,LOOT,15,2026-01-23 07:40:58 PM,1769230500,,1769227200,0,0.0
6621c323-d833-4b01-892c-d4a676b3125b,13391,-20.0,SUPPLY,15,2026-01-23 07:40:58 PM,1769230500,Lizardman fang,1769227200,12,-240.0
6621c323-d833-4b01-892c-d4a676b3125b,4697,-355.0,SUPPLY,15,2026-01-23 07:40:58 PM,1769230500,Smoke rune,1769227200,97,-34435.0
6621c323-d833-4b01-892c-d4a676b3125b,886,150.0,LOOT,15,2026-01-23 07:40:58 PM,1769230500,Steel arrow,1769227200,34,5100.0
6621c323-d833-4b01-892c-d4a676b3125b,560,570.0,LOOT,15,2026-01-23 07:40:58 PM,1769230500,Death rune,1769227200,135,76950.0
6621c323-d833-4b01-892c-d4a676b3125b,830,1000.0,LOOT,15,2026-01-23 07:40:58 PM,1769230500,Rune javelin,1769227200,132,132000.0
6621c323-d833-4b01-892c-d4a676b3125b,23733,-9.5,SUPPLY,15,2026-01-23 07:40:58 PM,1769230500,Divine ranging potion(4),1769227200,5400,-51300.0
6621c323-d833-4b01-892c-d4a676b3125b,561,-69.0,SUPPLY,15,2026-01-23 07:40:58 PM,1769230500,Nature rune,1769227200,95,-6555.0
6621c323-d833-4b01-892c-d4a676b3125b,9243,-757.0,SUPPLY,15,2026-01-23 07:40:58 PM,1769230500,Diamond bolts (e),1769227200,311,-235427.0
6621c323-d833-4b01-892c-d4a676b3125b,1747,429.0,LOOT,15,2026-01-23 07:40:58 PM,1769230500,Black dragonhide,1769227200,3012,1292148.0
6621c323-d833-4b01-892c-d4a676b3125b,811,240.0,LOOT,15,2026-01-23 07:40:58 PM,1769230500,Rune dart,1769227200,198,47520.0
6621c323-d833-4b01-892c-d4a676b3125b,11237,80.0,LOOT,15,2026-01-23 07:40:58 PM,1769230500,Dragon arrowtips,1769227200,1955,156400.0
6621c323-d833-4b01-892c-d4a676b3125b,995,1564132.0,LOOT,15,2026-01-23 07:40:58 PM,1769230500,,1769227200,0,0.0
6621c323-d833-4b01-892c-d4a676b3125b,2552,-3.125,SUPPLY,15,2026-01-23 07:40:58 PM,1769230500,Ring of dueling(8),1769227200,710,-2218.75
6621c323-d833-4b01-892c-d4a676b3125b,19582,80.0,LOOT,15,2026-01-23 07:40:58 PM,1769230500,Dragon javelin tips,1769227200,973,77840.0
6621c323-d833-4b01-892c-d4a676b3125b,379,-3.0,SUPPLY,15,2026-01-23 07:40:58 PM,1769230500,Lobster,1769227200,172,-516.0
6621c323-d833-4b01-892c-d4a676b3125b,19679,1.0,LOOT,15,2026-01-23 07:40:58 PM,1769230500,,1769227200,0,0.0
6621c323-d833-4b01-892c-d4a676b3125b,566,900.0,LOOT,15,2026-01-23 07:40:58 PM,1769230500,Soul rune,1769227200,296,266400.0
6621c323-d833-4b01-892c-d4a676b3125b,563,515.0,LOOT,15,2026-01-23 07:40:58 PM,1769230500,Law rune,1769227200,120,61800.0
6621c323-d833-4b01-892c-d4a676b3125b,805,180.0,LOOT,15,2026-01-23 07:40:58 PM,1769230500,Rune thrownaxe,1769227200,224,40320.0
6621c323-d833-4b01-892c-d4a676b3125b,565,700.0,LOOT,15,2026-01-23 07:40:58 PM,1769230500,Blood rune,1769227200,219,153300.0
6621c323-d833-4b01-892c-d4a676b3125b,7946,-28.0,SUPPLY,15,2026-01-23 07:40:58 PM,1769230500,Monkfish,1769227200,372,-10416.0
6621c323-d833-4b01-892c-d4a676b3125b,11962,-17.0,SUPPLY,15,2026-01-23 07:40:58 PM,1769230500,Extended antifire mix(1),1769227200,0,-0.0
6621c323-d833-4b01-892c-d4a676b3125b,892,1200.0,LOOT,15,2026-01-23 07:40:58 PM,1769230500,Rune arrow,1769227200,171,205200.0
7640ef96-e256-4935-8b7c-9b135956039f,560,75.0,LOOT,22,2026-02-02 05:54:23 PM,1770078300,Death rune,1770076800,153,11475.0
7640ef96-e256-4935-8b7c-9b135956039f,830,100.0,LOOT,22,2026-02-02 05:54:23 PM,1770078300,Rune javelin,1770076800,134,13400.0
7640ef96-e256-4935-8b7c-9b135956039f,23733,-1.5,SUPPLY,22,2026-02-02 05:54:23 PM,1770078300,Divine ranging potion(4),1770076800,5008,-7512.0
7640ef96-e256-4935-8b7c-9b135956039f,561,-14.0,SUPPLY,22,2026-02-02 05:54:23 PM,1770078300,Nature rune,1770076800,96,-1344.0
7640ef96-e256-4935-8b7c-9b135956039f,9243,-98.0,SUPPLY,22,2026-02-02 05:54:23 PM,1770078300,Diamond bolts (e),1770076800,240,-23520.0
7640ef96-e256-4935-8b7c-9b135956039f,811,40.0,LOOT,22,2026-02-02 05:54:23 PM,1770078300,Rune dart,1770076800,206,8240.0
7640ef96-e256-4935-8b7c-9b135956039f,1747,76.0,LOOT,22,2026-02-02 05:54:23 PM,1770078300,Black dragonhide,1770076800,3258,247608.0
7640ef96-e256-4935-8b7c-9b135956039f,1617,1.0,LOOT,22,2026-02-02 05:54:23 PM,1770078300,Uncut diamond,1770076800,2818,2818.0
7640ef96-e256-4935-8b7c-9b135956039f,1305,1.0,LOOT,22,2026-02-02 05:54:23 PM,1770078300,Dragon longsword,1770076800,59313,59313.0
7640ef96-e256-4935-8b7c-9b135956039f,13441,3.0,LOOT,22,2026-02-02 05:54:23 PM,1770078300,Anglerfish,1770076800,1899,5697.0
7640ef96-e256-4935-8b7c-9b135956039f,2434,-7.5,SUPPLY,22,2026-02-02 05:54:23 PM,1770078300,Prayer potion(4),1770076800,8254,-61905.0
7640ef96-e256-4935-8b7c-9b135956039f,995,455560.0,LOOT,22,2026-02-02 05:54:23 PM,1770078300,,1770076800,0,0.0
7640ef96-e256-4935-8b7c-9b135956039f,2552,-0.5,SUPPLY,22,2026-02-02 05:54:23 PM,1770078300,Ring of dueling(8),1770076800,735,-367.5
7640ef96-e256-4935-8b7c-9b135956039f,566,100.0,LOOT,22,2026-02-02 05:54:23 PM,1770078300,Soul rune,1770076800,327,32700.0
7640ef96-e256-4935-8b7c-9b135956039f,563,150.0,LOOT,22,2026-02-02 05:54:23 PM,1770078300,Law rune,1770076800,120,18000.0
7640ef96-e256-4935-8b7c-9b135956039f,565,50.0,LOOT,22,2026-02-02 05:54:23 PM,1770078300,Blood rune,1770076800,217,10850.0
7640ef96-e256-4935-8b7c-9b135956039f,7946,-4.0,SUPPLY,22,2026-02-02 05:54:23 PM,1770078300,Monkfish,1770076800,313,-1252.0
7640ef96-e256-4935-8b7c-9b135956039f,4697,-70.0,SUPPLY,22,2026-02-02 05:54:23 PM,1770078300,Smoke rune,1770076800,96,-6720.0
7640ef96-e256-4935-8b7c-9b135956039f,11962,-3.0,SUPPLY,22,2026-02-02 05:54:23 PM,1770078300,Extended antifire mix(1),1770076800,0,-0.0
7640ef96-e256-4935-8b7c-9b135956039f,892,75.0,LOOT,22,2026-02-02 05:54:23 PM,1770078300,Rune arrow,1770076800,106,7950.0
d86a285f-c2e6-435f-9657-bb070bf2366a,560,300.0,LOOT,1,2026-01-14 06:41:37 PM,1768442700,Death rune,1768442400,120,36000.0
d86a285f-c2e6-435f-9657-bb070bf2366a,830,300.0,LOOT,1,2026-01-14 06:41:37 PM,1768442700,Rune javelin,1768442400,114,34200.0
d86a285f-c2e6-435f-9657-bb070bf2366a,23733,-4.0,SUPPLY,1,2026-01-14 06:41:37 PM,1768442700,Divine ranging potion(4),1768442400,4996,-19984.0
d86a285f-c2e6-435f-9657-bb070bf2366a,561,-33.0,SUPPLY,1,2026-01-14 06:41:37 PM,1768442700,Nature rune,1768442400,87,-2871.0
d86a285f-c2e6-435f-9657-bb070bf2366a,9243,-340.0,SUPPLY,1,2026-01-14 06:41:37 PM,1768442700,Diamond bolts (e),1768442400,324,-110160.0
d86a285f-c2e6-435f-9657-bb070bf2366a,1747,190.0,LOOT,1,2026-01-14 06:41:37 PM,1768442700,Black dragonhide,1768442400,2704,513760.0
d86a285f-c2e6-435f-9657-bb070bf2366a,811,120.0,LOOT,1,2026-01-14 06:41:37 PM,1768442700,Rune dart,1768442400,174,20880.0
d86a285f-c2e6-435f-9657-bb070bf2366a,985,1.0,LOOT,1,2026-01-14 06:41:37 PM,1768442700,Tooth half of key,1768442400,10206,10206.0
d86a285f-c2e6-435f-9657-bb070bf2366a,19613,-1.0,SUPPLY,1,2026-01-14 06:41:37 PM,1768442700,Arceuus library teleport (tablet),1768442400,2034,-2034.0
d86a285f-c2e6-435f-9657-bb070bf2366a,868,50.0,LOOT,1,2026-01-14 06:41:37 PM,1768442700,Rune knife,1768442400,105,5250.0
d86a285f-c2e6-435f-9657-bb070bf2366a,13441,2.0,LOOT,1,2026-01-14 06:41:37 PM,1768442700,Anglerfish,1768442400,1836,3672.0
d86a285f-c2e6-435f-9657-bb070bf2366a,2434,-20.75,SUPPLY,1,2026-01-14 06:41:37 PM,1768442700,Prayer potion(4),1768442400,7906,-164049.5
d86a285f-c2e6-435f-9657-bb070bf2366a,995,930745.0,LOOT,1,2026-01-14 06:41:37 PM,1768442700,,1768442400,0,0.0
d86a285f-c2e6-435f-9657-bb070bf2366a,13510,1.0,LOOT,1,2026-01-14 06:41:37 PM,1768442700,,1768442400,0,0.0
d86a285f-c2e6-435f-9657-bb070bf2366a,32344,-2.0,SUPPLY,1,2026-01-14 06:41:37 PM,1768442700,Bluefin,1768442400,2185,-4370.0
d86a285f-c2e6-435f-9657-bb070bf2366a,452,3.0,LOOT,1,2026-01-14 06:41:37 PM,1768442700,,1768442400,0,0.0
d86a285f-c2e6-435f-9657-bb070bf2366a,2552,-1.375,SUPPLY,1,2026-01-14 06:41:37 PM,1768442700,Ring of dueling(8),1768442400,724,-995.5
d86a285f-c2e6-435f-9657-bb070bf2366a,19582,40.0,LOOT,1,2026-01-14 06:41:37 PM,1768442700,Dragon javelin tips,1768442400,1037,41480.0
d86a285f-c2e6-435f-9657-bb070bf2366a,566,300.0,LOOT,1,2026-01-14 06:41:37 PM,1768442700,Soul rune,1768442400,293,87900.0
d86a285f-c2e6-435f-9657-bb070bf2366a,13391,-89.0,SUPPLY,1,2026-01-14 06:41:37 PM,1768442700,Lizardman fang,1768442400,12,-1068.0
d86a285f-c2e6-435f-9657-bb070bf2366a,563,525.0,LOOT,1,2026-01-14 06:41:37 PM,1768442700,Law rune,1768442400,120,63000.0
d86a285f-c2e6-435f-9657-bb070bf2366a,554,-165.0,SUPPLY,1,2026-01-14 06:41:37 PM,1768442700,Fire rune,1768442400,5,-825.0
d86a285f-c2e6-435f-9657-bb070bf2366a,805,60.0,LOOT,1,2026-01-14 06:41:37 PM,1768442700,Rune thrownaxe,1768442400,217,13020.0
d86a285f-c2e6-435f-9657-bb070bf2366a,565,200.0,LOOT,1,2026-01-14 06:41:37 PM,1768442700,Blood rune,1768442400,212,42400.0
d86a285f-c2e6-435f-9657-bb070bf2366a,7946,-13.0,SUPPLY,1,2026-01-14 06:41:37 PM,1768442700,Monkfish,1768442400,421,-5473.0
d86a285f-c2e6-435f-9657-bb070bf2366a,11962,-7.0,SUPPLY,1,2026-01-14 06:41:37 PM,1768442700,Extended antifire mix(1),1768442400,0,-0.0
d86a285f-c2e6-435f-9657-bb070bf2366a,892,525.0,LOOT,1,2026-01-14 06:41:37 PM,1768442700,Rune arrow,1768442400,211,110775.0
d70b7509-ce74-4aa9-bc14-40c062cdf9bc,19683,1.0,LOOT,23,2026-02-04 05:56:12 PM,1770264300,,1770264000,0,0.0
d70b7509-ce74-4aa9-bc14-40c062cdf9bc,11232,120.0,LOOT,23,2026-02-04 05:56:12 PM,1770264300,Dragon dart tip,1770264000,1722,206640.0
d70b7509-ce74-4aa9-bc14-40c062cdf9bc,868,125.0,LOOT,23,2026-02-04 05:56:12 PM,1770264300,Rune knife,1770264000,234,29250.0
d70b7509-ce74-4aa9-bc14-40c062cdf9bc,13441,24.0,LOOT,23,2026-02-04 05:56:12 PM,1770264300,Anglerfish,1770264000,1879,45096.0
d70b7509-ce74-4aa9-bc14-40c062cdf9bc,2434,-62.25,SUPPLY,23,2026-02-04 05:56:12 PM,1770264300,Prayer potion(4),1770264000,8273,-514994.25
d70b7509-ce74-4aa9-bc14-40c062cdf9bc,13510,10.0,LOOT,23,2026-02-04 05:56:12 PM,1770264300,,1770264000,0,0.0
d70b7509-ce74-4aa9-bc14-40c062cdf9bc,1631,1.0,LOOT,23,2026-02-04 05:56:12 PM,1770264300,Uncut dragonstone,1770264000,17090,17090.0
d70b7509-ce74-4aa9-bc14-40c062cdf9bc,452,12.0,LOOT,23,2026-02-04 05:56:12 PM,1770264300,,1770264000,0,0.0
d70b7509-ce74-4aa9-bc14-40c062cdf9bc,19677,2.0,LOOT,23,2026-02-04 05:56:12 PM,1770264300,,1770264000,0,0.0
d70b7509-ce74-4aa9-bc14-40c062cdf9bc,4697,-476.0,SUPPLY,23,2026-02-04 05:56:12 PM,1770264300,Smoke rune,1770264000,103,-49028.0
d70b7509-ce74-4aa9-bc14-40c062cdf9bc,560,1575.0,LOOT,23,2026-02-04 05:56:12 PM,1770264300,Death rune,1770264000,149,234675.0
d70b7509-ce74-4aa9-bc14-40c062cdf9bc,830,1299.0,LOOT,23,2026-02-04 05:56:12 PM,1770264300,Rune javelin,1770264000,131,170169.0
d70b7509-ce74-4aa9-bc14-40c062cdf9bc,23733,-12.0,SUPPLY,23,2026-02-04 05:56:12 PM,1770264300,Divine ranging potion(4),1770264000,5397,-64764.0
d70b7509-ce74-4aa9-bc14-40c062cdf9bc,561,-88.0,SUPPLY,23,2026-02-04 05:56:12 PM,1770264300,Nature rune,1770264000,95,-8360.0
d70b7509-ce74-4aa9-bc14-40c062cdf9bc,9243,-757.0,SUPPLY,23,2026-02-04 05:56:12 PM,1770264300,Diamond bolts (e),1770264000,236,-178652.0
d70b7509-ce74-4aa9-bc14-40c062cdf9bc,1747,565.0,LOOT,23,2026-02-04 05:56:12 PM,1770264300,Black dragonhide,1770264000,3288,1857720.0
d70b7509-ce74-4aa9-bc14-40c062cdf9bc,811,280.0,LOOT,23,2026-02-04 05:56:12 PM,1770264300,Rune dart,1770264000,194,54320.0
d70b7509-ce74-4aa9-bc14-40c062cdf9bc,985,2.0,LOOT,23,2026-02-04 05:56:12 PM,1770264300,Tooth half of key,1770264000,10365,20730.0
d70b7509-ce74-4aa9-bc14-40c062cdf9bc,24365,1.0,LOOT,23,2026-02-04 05:56:12 PM,1770264300,,1770264000,0,0.0
d70b7509-ce74-4aa9-bc14-40c062cdf9bc,11237,400.0,LOOT,23,2026-02-04 05:56:12 PM,1770264300,Dragon arrowtips,1770264000,2530,1012000.0
d70b7509-ce74-4aa9-bc14-40c062cdf9bc,995,2339623.0,LOOT,23,2026-02-04 05:56:12 PM,1770264300,,1770264000,0,0.0
d70b7509-ce74-4aa9-bc14-40c062cdf9bc,2552,-4.125,SUPPLY,23,2026-02-04 05:56:12 PM,1770264300,Ring of dueling(8),1770264000,731,-3015.375
d70b7509-ce74-4aa9-bc14-40c062cdf9bc,19582,160.0,LOOT,23,2026-02-04 05:56:12 PM,1770264300,Dragon javelin tips,1770264000,866,138560.0
d70b7509-ce74-4aa9-bc14-40c062cdf9bc,566,1050.0,LOOT,23,2026-02-04 05:56:12 PM,1770264300,Soul rune,1770264000,346,363300.0
d70b7509-ce74-4aa9-bc14-40c062cdf9bc,563,1314.0,LOOT,23,2026-02-04 05:56:12 PM,1770264300,Law rune,1770264000,120,157680.0
d70b7509-ce74-4aa9-bc14-40c062cdf9bc,805,210.0,LOOT,23,2026-02-04 05:56:12 PM,1770264300,Rune thrownaxe,1770264000,210,44100.0
d70b7509-ce74-4aa9-bc14-40c062cdf9bc,565,700.0,LOOT,23,2026-02-04 05:56:12 PM,1770264300,Blood rune,1770264000,227,158900.0
d70b7509-ce74-4aa9-bc14-40c062cdf9bc,7946,-41.0,SUPPLY,23,2026-02-04 05:56:12 PM,1770264300,Monkfish,1770264000,332,-13612.0
d70b7509-ce74-4aa9-bc14-40c062cdf9bc,11962,-23.0,SUPPLY,23,2026-02-04 05:56:12 PM,1770264300,Extended antifire mix(1),1770264000,0,-0.0
d70b7509-ce74-4aa9-bc14-40c062cdf9bc,892,1992.0,LOOT,23,2026-02-04 05:56:12 PM,1770264300,Rune arrow,1770264000,97,193224.0
864b1137-d459-4d79-9ea7-153d0e0a37f4,11232,160.0,LOOT,8,2026-01-17 11:37:56 PM,1768719600,Dragon dart tip,1768719600,1424,227840.0
864b1137-d459-4d79-9ea7-153d0e0a37f4,868,50.0,LOOT,8,2026-01-17 11:37:56 PM,1768719600,Rune knife,1768719600,167,8350.0
864b1137-d459-4d79-9ea7-153d0e0a37f4,2434,-21.0,SUPPLY,8,2026-01-17 11:37:56 PM,1768719600,Prayer potion(4),1768719600,8161,-171381.0
864b1137-d459-4d79-9ea7-153d0e0a37f4,13510,3.0,LOOT,8,2026-01-17 11:37:56 PM,1768719600,,1768719600,0,0.0
864b1137-d459-4d79-9ea7-153d0e0a37f4,452,6.0,LOOT,8,2026-01-17 11:37:56 PM,1768719600,,1768719600,0,0.0
864b1137-d459-4d79-9ea7-153d0e0a37f4,19677,1.0,LOOT,8,2026-01-17 11:37:56 PM,1768719600,,1768719600,0,0.0
864b1137-d459-4d79-9ea7-153d0e0a37f4,4697,-168.0,SUPPLY,8,2026-01-17 11:37:56 PM,1768719600,Smoke rune,1768719600,108,-18144.0
864b1137-d459-4d79-9ea7-153d0e0a37f4,560,525.0,LOOT,8,2026-01-17 11:37:56 PM,1768719600,Death rune,1768719600,124,65100.0
864b1137-d459-4d79-9ea7-153d0e0a37f4,830,300.0,LOOT,8,2026-01-17 11:37:56 PM,1768719600,Rune javelin,1768719600,117,35100.0
864b1137-d459-4d79-9ea7-153d0e0a37f4,23733,-4.0,SUPPLY,8,2026-01-17 11:37:56 PM,1768719600,Divine ranging potion(4),1768719600,5590,-22360.0
864b1137-d459-4d79-9ea7-153d0e0a37f4,561,-31.0,SUPPLY,8,2026-01-17 11:37:56 PM,1768719600,Nature rune,1768719600,89,-2759.0
864b1137-d459-4d79-9ea7-153d0e0a37f4,9243,-314.0,SUPPLY,8,2026-01-17 11:37:56 PM,1768719600,Diamond bolts (e),1768719600,286,-89804.0
864b1137-d459-4d79-9ea7-153d0e0a37f4,1247,1.0,LOOT,8,2026-01-17 11:37:56 PM,1768719600,Rune spear,1768719600,11998,11998.0
864b1137-d459-4d79-9ea7-153d0e0a37f4,1747,183.0,LOOT,8,2026-01-17 11:37:56 PM,1768719600,Black dragonhide,1768719600,2734,500322.0
864b1137-d459-4d79-9ea7-153d0e0a37f4,811,100.0,LOOT,8,2026-01-17 11:37:56 PM,1768719600,Rune dart,1768719600,189,18900.0
864b1137-d459-4d79-9ea7-153d0e0a37f4,11237,120.0,LOOT,8,2026-01-17 11:37:56 PM,1768719600,Dragon arrowtips,1768719600,1868,224160.0
864b1137-d459-4d79-9ea7-153d0e0a37f4,995,803872.0,LOOT,8,2026-01-17 11:37:56 PM,1768719600,,1768719600,0,0.0
864b1137-d459-4d79-9ea7-153d0e0a37f4,2552,-1.375,SUPPLY,8,2026-01-17 11:37:56 PM,1768719600,Ring of dueling(8),1768719600,690,-948.75
864b1137-d459-4d79-9ea7-153d0e0a37f4,19582,40.0,LOOT,8,2026-01-17 11:37:56 PM,1768719600,Dragon javelin tips,1768719600,964,38560.0
864b1137-d459-4d79-9ea7-153d0e0a37f4,379,-3.0,SUPPLY,8,2026-01-17 11:37:56 PM,1768719600,Lobster,1768719600,177,-531.0
864b1137-d459-4d79-9ea7-153d0e0a37f4,987,1.0,LOOT,8,2026-01-17 11:37:56 PM,1768719600,Loop half of key,1768719600,9917,9917.0
864b1137-d459-4d79-9ea7-153d0e0a37f4,19679,1.0,LOOT,8,2026-01-17 11:37:56 PM,1768719600,,1768719600,0,0.0
864b1137-d459-4d79-9ea7-153d0e0a37f4,566,350.0,LOOT,8,2026-01-17 11:37:56 PM,1768719600,Soul rune,1768719600,308,107800.0
864b1137-d459-4d79-9ea7-153d0e0a37f4,563,-13.0,SUPPLY,8,2026-01-17 11:37:56 PM,1768719600,Law rune,1768719600,119,-1547.0
864b1137-d459-4d79-9ea7-153d0e0a37f4,805,150.0,LOOT,8,2026-01-17 11:37:56 PM,1768719600,Rune thrownaxe,1768719600,216,32400.0
864b1137-d459-4d79-9ea7-153d0e0a37f4,565,250.0,LOOT,8,2026-01-17 11:37:56 PM,1768719600,Blood rune,1768719600,216,54000.0
864b1137-d459-4d79-9ea7-153d0e0a37f4,7946,-15.0,SUPPLY,8,2026-01-17 11:37:56 PM,1768719600,Monkfish,1768719600,395,-5925.0
864b1137-d459-4d79-9ea7-153d0e0a37f4,11962,-7.0,SUPPLY,8,2026-01-17 11:37:56 PM,1768719600,Extended antifire mix(1),1768719600,0,-0.0
864b1137-d459-4d79-9ea7-153d0e0a37f4,892,675.0,LOOT,8,2026-01-17 11:37:56 PM,1768719600,Rune arrow,1768719600,220,148500.0
60ff452b-17cf-4b6d-884b-8658dadf883c,560,375.0,LOOT,17,2026-01-30 08:44:17 PM,1769831400,Death rune,1769828400,148,55500.0
60ff452b-17cf-4b6d-884b-8658dadf883c,830,450.0,LOOT,17,2026-01-30 08:44:17 PM,1769831400,Rune javelin,1769828400,127,57150.0
60ff452b-17cf-4b6d-884b-8658dadf883c,23733,-3.25,SUPPLY,17,2026-01-30 08:44:17 PM,1769831400,Divine ranging potion(4),1769828400,5699,-18521.75
60ff452b-17cf-4b6d-884b-8658dadf883c,561,-23.0,SUPPLY,17,2026-01-30 08:44:17 PM,1769831400,Nature rune,1769828400,94,-2162.0
60ff452b-17cf-4b6d-884b-8658dadf883c,11232,80.0,LOOT,17,2026-01-30 08:44:17 PM,1769831400,Dragon dart tip,1769828400,1617,129360.0
60ff452b-17cf-4b6d-884b-8658dadf883c,9243,-238.0,SUPPLY,17,2026-01-30 08:44:17 PM,1769831400,Diamond bolts (e),1769828400,259,-61642.0
60ff452b-17cf-4b6d-884b-8658dadf883c,1747,132.0,LOOT,17,2026-01-30 08:44:17 PM,1769831400,Black dragonhide,1769828400,3033,400356.0
60ff452b-17cf-4b6d-884b-8658dadf883c,811,140.0,LOOT,17,2026-01-30 08:44:17 PM,1769831400,Rune dart,1769828400,196,27440.0
60ff452b-17cf-4b6d-884b-8658dadf883c,868,25.0,LOOT,17,2026-01-30 08:44:17 PM,1769831400,Rune knife,1769828400,213,5325.0
60ff452b-17cf-4b6d-884b-8658dadf883c,13441,4.0,LOOT,17,2026-01-30 08:44:17 PM,1769831400,Anglerfish,1769828400,1854,7416.0
60ff452b-17cf-4b6d-884b-8658dadf883c,2434,-16.25,SUPPLY,17,2026-01-30 08:44:17 PM,1769831400,Prayer potion(4),1769828400,8091,-131478.75
60ff452b-17cf-4b6d-884b-8658dadf883c,995,384199.0,LOOT,17,2026-01-30 08:44:17 PM,1769831400,,1769828400,0,0.0
60ff452b-17cf-4b6d-884b-8658dadf883c,13510,7.0,LOOT,17,2026-01-30 08:44:17 PM,1769831400,,1769828400,0,0.0
60ff452b-17cf-4b6d-884b-8658dadf883c,1631,1.0,LOOT,17,2026-01-30 08:44:17 PM,1769831400,Uncut dragonstone,1769828400,16384,16384.0
60ff452b-17cf-4b6d-884b-8658dadf883c,1619,1.0,LOOT,17,2026-01-30 08:44:17 PM,1769831400,Uncut ruby,1769828400,1200,1200.0
60ff452b-17cf-4b6d-884b-8658dadf883c,452,3.0,LOOT,17,2026-01-30 08:44:17 PM,1769831400,,1769828400,0,0.0
60ff452b-17cf-4b6d-884b-8658dadf883c,2552,-1.0,SUPPLY,17,2026-01-30 08:44:17 PM,1769831400,Ring of dueling(8),1769828400,733,-733.0
60ff452b-17cf-4b6d-884b-8658dadf883c,19582,120.0,LOOT,17,2026-01-30 08:44:17 PM,1769831400,Dragon javelin tips,1769828400,896,107520.0
60ff452b-17cf-4b6d-884b-8658dadf883c,1215,1.0,LOOT,17,2026-01-30 08:44:17 PM,1769831400,Dragon dagger,1769828400,17400,17400.0
60ff452b-17cf-4b6d-884b-8658dadf883c,566,250.0,LOOT,17,2026-01-30 08:44:17 PM,1769831400,Soul rune,1769828400,314,78500.0
60ff452b-17cf-4b6d-884b-8658dadf883c,563,225.0,LOOT,17,2026-01-30 08:44:17 PM,1769831400,Law rune,1769828400,122,27450.0
60ff452b-17cf-4b6d-884b-8658dadf883c,554,-115.0,SUPPLY,17,2026-01-30 08:44:17 PM,1769831400,Fire rune,1769828400,5,-575.0
60ff452b-17cf-4b6d-884b-8658dadf883c,805,90.0,LOOT,17,2026-01-30 08:44:17 PM,1769831400,Rune thrownaxe,1769828400,210,18900.0
60ff452b-17cf-4b6d-884b-8658dadf883c,565,50.0,LOOT,17,2026-01-30 08:44:17 PM,1769831400,Blood rune,1769828400,220,11000.0
60ff452b-17cf-4b6d-884b-8658dadf883c,7946,-8.0,SUPPLY,17,2026-01-30 08:44:17 PM,1769831400,Monkfish,1769828400,303,-2424.0
60ff452b-17cf-4b6d-884b-8658dadf883c,1623,1.0,LOOT,17,2026-01-30 08:44:17 PM,1769831400,Uncut sapphire,1769828400,312,312.0
60ff452b-17cf-4b6d-884b-8658dadf883c,11962,-6.0,SUPPLY,17,2026-01-30 08:44:17 PM,1769831400,Extended antifire mix(1),1769828400,0,-0.0
60ff452b-17cf-4b6d-884b-8658dadf883c,892,225.0,LOOT,17,2026-01-30 08:44:17 PM,1769831400,Rune arrow,1769828400,108,24300.0
4fa5b635-2870-4b64-8af5-5b0c3a200827,11232,80.0,LOOT,4,2026-01-16 06:38:51 PM,1768615500,Dragon dart tip,1768615200,1430,114400.0
4fa5b635-2870-4b64-8af5-5b0c3a200827,868,50.0,LOOT,4,2026-01-16 06:38:51 PM,1768615500,Rune knife,1768615200,124,6200.0
4fa5b635-2870-4b64-8af5-5b0c3a200827,13441,4.0,LOOT,4,2026-01-16 06:38:51 PM,1768615500,Anglerfish,1768615200,1873,7492.0
4fa5b635-2870-4b64-8af5-5b0c3a200827,2434,-21.5,SUPPLY,4,2026-01-16 06:38:51 PM,1768615500,Prayer potion(4),1768615200,8109,-174343.5
4fa5b635-2870-4b64-8af5-5b0c3a200827,13510,6.0,LOOT,4,2026-01-16 06:38:51 PM,1768615500,,1768615200,0,0.0
4fa5b635-2870-4b64-8af5-5b0c3a200827,452,6.0,LOOT,4,2026-01-16 06:38:51 PM,1768615500,,1768615200,0,0.0
4fa5b635-2870-4b64-8af5-5b0c3a200827,554,-125.0,SUPPLY,4,2026-01-16 06:38:51 PM,1768615500,Fire rune,1768615200,5,-625.0
4fa5b635-2870-4b64-8af5-5b0c3a200827,560,525.0,LOOT,4,2026-01-16 06:38:51 PM,1768615500,Death rune,1768615200,123,64575.0
4fa5b635-2870-4b64-8af5-5b0c3a200827,830,400.0,LOOT,4,2026-01-16 06:38:51 PM,1768615500,Rune javelin,1768615200,124,49600.0
4fa5b635-2870-4b64-8af5-5b0c3a200827,23733,-3.75,SUPPLY,4,2026-01-16 06:38:51 PM,1768615500,Divine ranging potion(4),1768615200,5446,-20422.5
4fa5b635-2870-4b64-8af5-5b0c3a200827,561,-25.0,SUPPLY,4,2026-01-16 06:38:51 PM,1768615500,Nature rune,1768615200,86,-2150.0
4fa5b635-2870-4b64-8af5-5b0c3a200827,9243,-346.0,SUPPLY,4,2026-01-16 06:38:51 PM,1768615500,Diamond bolts (e),1768615200,337,-116602.0
4fa5b635-2870-4b64-8af5-5b0c3a200827,1747,180.0,LOOT,4,2026-01-16 06:38:51 PM,1768615500,Black dragonhide,1768615200,2699,485820.0
4fa5b635-2870-4b64-8af5-5b0c3a200827,811,180.0,LOOT,4,2026-01-16 06:38:51 PM,1768615500,Rune dart,1768615200,166,29880.0
4fa5b635-2870-4b64-8af5-5b0c3a200827,985,1.0,LOOT,4,2026-01-16 06:38:51 PM,1768615500,Tooth half of key,1768615200,9897,9897.0
4fa5b635-2870-4b64-8af5-5b0c3a200827,11237,80.0,LOOT,4,2026-01-16 06:38:51 PM,1768615500,Dragon arrowtips,1768615200,1891,151280.0
4fa5b635-2870-4b64-8af5-5b0c3a200827,995,890687.0,LOOT,4,2026-01-16 06:38:51 PM,1768615500,,1768615200,0,0.0
4fa5b635-2870-4b64-8af5-5b0c3a200827,2552,-1.5,SUPPLY,4,2026-01-16 06:38:51 PM,1768615500,Ring of dueling(8),1768615200,693,-1039.5
4fa5b635-2870-4b64-8af5-5b0c3a200827,19582,80.0,LOOT,4,2026-01-16 06:38:51 PM,1768615500,Dragon javelin tips,1768615200,959,76720.0
4fa5b635-2870-4b64-8af5-5b0c3a200827,19679,1.0,LOOT,4,2026-01-16 06:38:51 PM,1768615500,,1768615200,0,0.0
4fa5b635-2870-4b64-8af5-5b0c3a200827,566,400.0,LOOT,4,2026-01-16 06:38:51 PM,1768615500,Soul rune,1768615200,297,118800.0
4fa5b635-2870-4b64-8af5-5b0c3a200827,563,150.0,LOOT,4,2026-01-16 06:38:51 PM,1768615500,Law rune,1768615200,119,17850.0
4fa5b635-2870-4b64-8af5-5b0c3a200827,805,90.0,LOOT,4,2026-01-16 06:38:51 PM,1768615500,Rune thrownaxe,1768615200,213,19170.0
4fa5b635-2870-4b64-8af5-5b0c3a200827,565,350.0,LOOT,4,2026-01-16 06:38:51 PM,1768615500,Blood rune,1768615200,216,75600.0
4fa5b635-2870-4b64-8af5-5b0c3a200827,7946,-10.0,SUPPLY,4,2026-01-16 06:38:51 PM,1768615500,Monkfish,1768615200,426,-4260.0
4fa5b635-2870-4b64-8af5-5b0c3a200827,1163,1.0,LOOT,4,2026-01-16 06:38:51 PM,1768615500,Rune full helm,1768615200,20896,20896.0
4fa5b635-2870-4b64-8af5-5b0c3a200827,11962,-8.0,SUPPLY,4,2026-01-16 06:38:51 PM,1768615500,Extended antifire mix(1),1768615200,0,-0.0
4fa5b635-2870-4b64-8af5-5b0c3a200827,892,375.0,LOOT,4,2026-01-16 06:38:51 PM,1768615500,Rune arrow,1768615200,225,84375.0
c21cce3a-ddbc-474e-98e1-17db7bfc7bf0,11232,120.0,LOOT,12,2026-01-19 08:10:57 PM,1768884600,Dragon dart tip,1768881600,1431,171720.0
c21cce3a-ddbc-474e-98e1-17db7bfc7bf0,868,200.0,LOOT,12,2026-01-19 08:10:57 PM,1768884600,Rune knife,1768881600,147,29400.0
c21cce3a-ddbc-474e-98e1-17db7bfc7bf0,13441,14.0,LOOT,12,2026-01-19 08:10:57 PM,1768884600,Anglerfish,1768881600,1864,26096.0
c21cce3a-ddbc-474e-98e1-17db7bfc7bf0,2434,-41.5,SUPPLY,12,2026-01-19 08:10:57 PM,1768884600,Prayer potion(4),1768881600,8086,-335569.0
c21cce3a-ddbc-474e-98e1-17db7bfc7bf0,13510,5.0,LOOT,12,2026-01-19 08:10:57 PM,1768884600,,1768881600,0,0.0
c21cce3a-ddbc-474e-98e1-17db7bfc7bf0,1631,1.0,LOOT,12,2026-01-19 08:10:57 PM,1768884600,Uncut dragonstone,1768881600,13960,13960.0
c21cce3a-ddbc-474e-98e1-17db7bfc7bf0,452,3.0,LOOT,12,2026-01-19 08:10:57 PM,1768884600,,1768881600,0,0.0
c21cce3a-ddbc-474e-98e1-17db7bfc7bf0,4697,-266.0,SUPPLY,12,2026-01-19 08:10:57 PM,1768884600,Smoke rune,1768881600,110,-29260.0
c21cce3a-ddbc-474e-98e1-17db7bfc7bf0,560,825.0,LOOT,12,2026-01-19 08:10:57 PM,1768884600,Death rune,1768881600,125,103125.0
c21cce3a-ddbc-474e-98e1-17db7bfc7bf0,830,800.0,LOOT,12,2026-01-19 08:10:57 PM,1768884600,Rune javelin,1768881600,119,95200.0
c21cce3a-ddbc-474e-98e1-17db7bfc7bf0,23733,-8.0,SUPPLY,12,2026-01-19 08:10:57 PM,1768884600,Divine ranging potion(4),1768881600,5710,-45680.0
c21cce3a-ddbc-474e-98e1-17db7bfc7bf0,561,-49.0,SUPPLY,12,2026-01-19 08:10:57 PM,1768884600,Nature rune,1768881600,93,-4557.0
c21cce3a-ddbc-474e-98e1-17db7bfc7bf0,9243,-685.0,SUPPLY,12,2026-01-19 08:10:57 PM,1768884600,Diamond bolts (e),1768881600,305,-208925.0
c21cce3a-ddbc-474e-98e1-17db7bfc7bf0,1747,360.0,LOOT,12,2026-01-19 08:10:57 PM,1768884600,Black dragonhide,1768881600,2773,998280.0
c21cce3a-ddbc-474e-98e1-17db7bfc7bf0,811,200.0,LOOT,12,2026-01-19 08:10:57 PM,1768884600,Rune dart,1768881600,169,33800.0
c21cce3a-ddbc-474e-98e1-17db7bfc7bf0,985,1.0,LOOT,12,2026-01-19 08:10:57 PM,1768884600,Tooth half of key,1768881600,9436,9436.0
c21cce3a-ddbc-474e-98e1-17db7bfc7bf0,11237,40.0,LOOT,12,2026-01-19 08:10:57 PM,1768884600,Dragon arrowtips,1768881600,1896,75840.0
c21cce3a-ddbc-474e-98e1-17db7bfc7bf0,995,1173943.0,LOOT,12,2026-01-19 08:10:57 PM,1768884600,,1768881600,0,0.0
c21cce3a-ddbc-474e-98e1-17db7bfc7bf0,2552,-2.625,SUPPLY,12,2026-01-19 08:10:57 PM,1768884600,Ring of dueling(8),1768881600,667,-1750.875
c21cce3a-ddbc-474e-98e1-17db7bfc7bf0,19582,240.0,LOOT,12,2026-01-19 08:10:57 PM,1768884600,Dragon javelin tips,1768881600,954,228960.0
c21cce3a-ddbc-474e-98e1-17db7bfc7bf0,379,-1.0,SUPPLY,12,2026-01-19 08:10:57 PM,1768884600,Lobster,1768881600,183,-183.0
c21cce3a-ddbc-474e-98e1-17db7bfc7bf0,987,1.0,LOOT,12,2026-01-19 08:10:57 PM,1768884600,Loop half of key,1768881600,9712,9712.0
c21cce3a-ddbc-474e-98e1-17db7bfc7bf0,566,400.0,LOOT,12,2026-01-19 08:10:57 PM,1768884600,Soul rune,1768881600,312,124800.0
c21cce3a-ddbc-474e-98e1-17db7bfc7bf0,563,804.0,LOOT,12,2026-01-19 08:10:57 PM,1768884600,Law rune,1768881600,116,93264.0
c21cce3a-ddbc-474e-98e1-17db7bfc7bf0,805,270.0,LOOT,12,2026-01-19 08:10:57 PM,1768884600,Rune thrownaxe,1768881600,216,58320.0
c21cce3a-ddbc-474e-98e1-17db7bfc7bf0,565,800.0,LOOT,12,2026-01-19 08:10:57 PM,1768884600,Blood rune,1768881600,219,175200.0
c21cce3a-ddbc-474e-98e1-17db7bfc7bf0,7946,-26.0,SUPPLY,12,2026-01-19 08:10:57 PM,1768884600,Monkfish,1768881600,408,-10608.0
c21cce3a-ddbc-474e-98e1-17db7bfc7bf0,11962,-13.0,SUPPLY,12,2026-01-19 08:10:57 PM,1768884600,Extended antifire mix(1),1768881600,0,-0.0
c21cce3a-ddbc-474e-98e1-17db7bfc7bf0,892,1050.0,LOOT,12,2026-01-19 08:10:57 PM,1768884600,Rune arrow,1768881600,207,217350.0
1369cfea-cc2d-479d-a17b-c773bd0cbd43,19683,1.0,LOOT,7,2026-01-17 01:07:07 PM,1768684500,,1768683600,0,0.0
1369cfea-cc2d-479d-a17b-c773bd0cbd43,11232,120.0,LOOT,7,2026-01-17 01:07:07 PM,1768684500,Dragon dart tip,1768683600,1439,172680.0
1369cfea-cc2d-479d-a17b-c773bd0cbd43,868,50.0,LOOT,7,2026-01-17 01:07:07 PM,1768684500,Rune knife,1768683600,143,7150.0
1369cfea-cc2d-479d-a17b-c773bd0cbd43,13441,4.0,LOOT,7,2026-01-17 01:07:07 PM,1768684500,Anglerfish,1768683600,1810,7240.0
1369cfea-cc2d-479d-a17b-c773bd0cbd43,2434,-34.25,SUPPLY,7,2026-01-17 01:07:07 PM,1768684500,Prayer potion(4),1768683600,8163,-279582.75
1369cfea-cc2d-479d-a17b-c773bd0cbd43,13510,4.0,LOOT,7,2026-01-17 01:07:07 PM,1768684500,,1768683600,0,0.0
1369cfea-cc2d-479d-a17b-c773bd0cbd43,452,9.0,LOOT,7,2026-01-17 01:07:07 PM,1768684500,,1768683600,0,0.0
1369cfea-cc2d-479d-a17b-c773bd0cbd43,19677,2.0,LOOT,7,2026-01-17 01:07:07 PM,1768684500,,1768683600,0,0.0
1369cfea-cc2d-479d-a17b-c773bd0cbd43,554,-130.0,SUPPLY,7,2026-01-17 01:07:07 PM,1768684500,Fire rune,1768683600,5,-650.0
1369cfea-cc2d-479d-a17b-c773bd0cbd43,4697,-184.0,SUPPLY,7,2026-01-17 01:07:07 PM,1768684500,Smoke rune,1768683600,119,-21896.0
1369cfea-cc2d-479d-a17b-c773bd0cbd43,560,750.0,LOOT,7,2026-01-17 01:07:07 PM,1768684500,Death rune,1768683600,123,92250.0
1369cfea-cc2d-479d-a17b-c773bd0cbd43,830,600.0,LOOT,7,2026-01-17 01:07:07 PM,1768684500,Rune javelin,1768683600,120,72000.0
1369cfea-cc2d-479d-a17b-c773bd0cbd43,23733,-6.25,SUPPLY,7,2026-01-17 01:07:07 PM,1768684500,Divine ranging potion(4),1768683600,5464,-34150.0
1369cfea-cc2d-479d-a17b-c773bd0cbd43,561,-59.0,SUPPLY,7,2026-01-17 01:07:07 PM,1768684500,Nature rune,1768683600,89,-5251.0
1369cfea-cc2d-479d-a17b-c773bd0cbd43,9243,-549.0,SUPPLY,7,2026-01-17 01:07:07 PM,1768684500,Diamond bolts (e),1768683600,286,-157014.0
1369cfea-cc2d-479d-a17b-c773bd0cbd43,1747,319.0,LOOT,7,2026-01-17 01:07:07 PM,1768684500,Black dragonhide,1768683600,2713,865447.0
1369cfea-cc2d-479d-a17b-c773bd0cbd43,811,220.0,LOOT,7,2026-01-17 01:07:07 PM,1768684500,Rune dart,1768683600,170,37400.0
1369cfea-cc2d-479d-a17b-c773bd0cbd43,19681,1.0,LOOT,7,2026-01-17 01:07:07 PM,1768684500,,1768683600,0,0.0
1369cfea-cc2d-479d-a17b-c773bd0cbd43,11237,160.0,LOOT,7,2026-01-17 01:07:07 PM,1768684500,Dragon arrowtips,1768683600,1893,302880.0
1369cfea-cc2d-479d-a17b-c773bd0cbd43,995,1334978.0,LOOT,7,2026-01-17 01:07:07 PM,1768684500,,1768683600,0,0.0
1369cfea-cc2d-479d-a17b-c773bd0cbd43,2552,-2.375,SUPPLY,7,2026-01-17 01:07:07 PM,1768684500,Ring of dueling(8),1768683600,692,-1643.5
1369cfea-cc2d-479d-a17b-c773bd0cbd43,19582,80.0,LOOT,7,2026-01-17 01:07:07 PM,1768684500,Dragon javelin tips,1768683600,968,77440.0
1369cfea-cc2d-479d-a17b-c773bd0cbd43,379,-4.0,SUPPLY,7,2026-01-17 01:07:07 PM,1768684500,Lobster,1768683600,177,-708.0
1369cfea-cc2d-479d-a17b-c773bd0cbd43,566,450.0,LOOT,7,2026-01-17 01:07:07 PM,1768684500,Soul rune,1768683600,307,138150.0
1369cfea-cc2d-479d-a17b-c773bd0cbd43,563,806.0,LOOT,7,2026-01-17 01:07:07 PM,1768684500,Law rune,1768683600,119,95914.0
1369cfea-cc2d-479d-a17b-c773bd0cbd43,805,120.0,LOOT,7,2026-01-17 01:07:07 PM,1768684500,Rune thrownaxe,1768683600,206,24720.0
1369cfea-cc2d-479d-a17b-c773bd0cbd43,565,300.0,LOOT,7,2026-01-17 01:07:07 PM,1768684500,Blood rune,1768683600,217,65100.0
1369cfea-cc2d-479d-a17b-c773bd0cbd43,7946,-18.0,SUPPLY,7,2026-01-17 01:07:07 PM,1768684500,Monkfish,1768683600,393,-7074.0
1369cfea-cc2d-479d-a17b-c773bd0cbd43,11962,-11.0,SUPPLY,7,2026-01-17 01:07:07 PM,1768684500,Extended antifire mix(1),1768683600,0,-0.0
1369cfea-cc2d-479d-a17b-c773bd0cbd43,892,825.0,LOOT,7,2026-01-17 01:07:07 PM,1768684500,Rune arrow,1768683600,211,174075.0
69825bf4-014e-4c6b-a271-9496c06bac4d,560,675.0,LOOT,11,2026-01-19 02:09:55 PM,1768859100,Death rune,1768856400,125,84375.0
69825bf4-014e-4c6b-a271-9496c06bac4d,830,350.0,LOOT,11,2026-01-19 02:09:55 PM,1768859100,Rune javelin,1768856400,126,44100.0
69825bf4-014e-4c6b-a271-9496c06bac4d,23733,-4.5,SUPPLY,11,2026-01-19 02:09:55 PM,1768859100,Divine ranging potion(4),1768856400,5587,-25141.5
69825bf4-014e-4c6b-a271-9496c06bac4d,561,-37.0,SUPPLY,11,2026-01-19 02:09:55 PM,1768859100,Nature rune,1768856400,94,-3478.0
69825bf4-014e-4c6b-a271-9496c06bac4d,11232,80.0,LOOT,11,2026-01-19 02:09:55 PM,1768859100,Dragon dart tip,1768856400,1412,112960.0
69825bf4-014e-4c6b-a271-9496c06bac4d,9243,-376.0,SUPPLY,11,2026-01-19 02:09:55 PM,1768859100,Diamond bolts (e),1768856400,295,-110920.0
69825bf4-014e-4c6b-a271-9496c06bac4d,1747,215.0,LOOT,11,2026-01-19 02:09:55 PM,1768859100,Black dragonhide,1768856400,2744,589960.0
69825bf4-014e-4c6b-a271-9496c06bac4d,811,80.0,LOOT,11,2026-01-19 02:09:55 PM,1768859100,Rune dart,1768856400,174,13920.0
69825bf4-014e-4c6b-a271-9496c06bac4d,868,25.0,LOOT,11,2026-01-19 02:09:55 PM,1768859100,Rune knife,1768856400,138,3450.0
69825bf4-014e-4c6b-a271-9496c06bac4d,13441,3.0,LOOT,11,2026-01-19 02:09:55 PM,1768859100,Anglerfish,1768856400,1859,5577.0
69825bf4-014e-4c6b-a271-9496c06bac4d,11237,80.0,LOOT,11,2026-01-19 02:09:55 PM,1768859100,Dragon arrowtips,1768856400,1918,153440.0
69825bf4-014e-4c6b-a271-9496c06bac4d,2434,-23.75,SUPPLY,11,2026-01-19 02:09:55 PM,1768859100,Prayer potion(4),1768856400,8099,-192351.25
69825bf4-014e-4c6b-a271-9496c06bac4d,995,996840.0,LOOT,11,2026-01-19 02:09:55 PM,1768859100,,1768856400,0,0.0
69825bf4-014e-4c6b-a271-9496c06bac4d,13510,5.0,LOOT,11,2026-01-19 02:09:55 PM,1768859100,,1768856400,0,0.0
69825bf4-014e-4c6b-a271-9496c06bac4d,452,6.0,LOOT,11,2026-01-19 02:09:55 PM,1768859100,,1768856400,0,0.0
69825bf4-014e-4c6b-a271-9496c06bac4d,2552,-1.5,SUPPLY,11,2026-01-19 02:09:55 PM,1768859100,Ring of dueling(8),1768856400,672,-1008.0
69825bf4-014e-4c6b-a271-9496c06bac4d,19582,40.0,LOOT,11,2026-01-19 02:09:55 PM,1768859100,Dragon javelin tips,1768856400,1009,40360.0
69825bf4-014e-4c6b-a271-9496c06bac4d,379,-1.0,SUPPLY,11,2026-01-19 02:09:55 PM,1768859100,Lobster,1768856400,179,-179.0
69825bf4-014e-4c6b-a271-9496c06bac4d,566,500.0,LOOT,11,2026-01-19 02:09:55 PM,1768859100,Soul rune,1768856400,301,150500.0
69825bf4-014e-4c6b-a271-9496c06bac4d,563,202.0,LOOT,11,2026-01-19 02:09:55 PM,1768859100,Law rune,1768856400,119,24038.0
69825bf4-014e-4c6b-a271-9496c06bac4d,805,90.0,LOOT,11,2026-01-19 02:09:55 PM,1768859100,Rune thrownaxe,1768856400,217,19530.0
69825bf4-014e-4c6b-a271-9496c06bac4d,565,250.0,LOOT,11,2026-01-19 02:09:55 PM,1768859100,Blood rune,1768856400,219,54750.0
69825bf4-014e-4c6b-a271-9496c06bac4d,30125,-0.25,SUPPLY,11,2026-01-19 02:09:55 PM,1768859100,Prayer regeneration potion(4),1768856400,43242,-10810.5
69825bf4-014e-4c6b-a271-9496c06bac4d,7946,-13.0,SUPPLY,11,2026-01-19 02:09:55 PM,1768859100,Monkfish,1768856400,402,-5226.0
69825bf4-014e-4c6b-a271-9496c06bac4d,4697,-210.0,SUPPLY,11,2026-01-19 02:09:55 PM,1768859100,Smoke rune,1768856400,107,-22470.0
69825bf4-014e-4c6b-a271-9496c06bac4d,11962,-8.0,SUPPLY,11,2026-01-19 02:09:55 PM,1768859100,Extended antifire mix(1),1768856400,0,-0.0
69825bf4-014e-4c6b-a271-9496c06bac4d,892,450.0,LOOT,11,2026-01-19 02:09:55 PM,1768859100,Rune arrow,1768856400,208,93600.0
23c7707f-446d-4327-bd91-9f10c54af26e,11232,80.0,LOOT,20,2026-01-30 11:44:38 PM,1769844900,Dragon dart tip,1769842800,1560,124800.0
23c7707f-446d-4327-bd91-9f10c54af26e,868,75.0,LOOT,20,2026-01-30 11:44:38 PM,1769844900,Rune knife,1769842800,211,15825.0
23c7707f-446d-4327-bd91-9f10c54af26e,13441,6.0,LOOT,20,2026-01-30 11:44:38 PM,1769844900,Anglerfish,1769842800,1860,11160.0
23c7707f-446d-4327-bd91-9f10c54af26e,2434,-26.75,SUPPLY,20,2026-01-30 11:44:38 PM,1769844900,Prayer potion(4),1769842800,8081,-216166.75
23c7707f-446d-4327-bd91-9f10c54af26e,13510,4.0,LOOT,20,2026-01-30 11:44:38 PM,1769844900,,1769842800,0,0.0
23c7707f-446d-4327-bd91-9f10c54af26e,1631,1.0,LOOT,20,2026-01-30 11:44:38 PM,1769844900,Uncut dragonstone,1769842800,16451,16451.0
23c7707f-446d-4327-bd91-9f10c54af26e,452,9.0,LOOT,20,2026-01-30 11:44:38 PM,1769844900,,1769842800,0,0.0
23c7707f-446d-4327-bd91-9f10c54af26e,554,-210.0,SUPPLY,20,2026-01-30 11:44:38 PM,1769844900,Fire rune,1769842800,5,-1050.0
23c7707f-446d-4327-bd91-9f10c54af26e,560,375.0,LOOT,20,2026-01-30 11:44:38 PM,1769844900,Death rune,1769842800,149,55875.0
23c7707f-446d-4327-bd91-9f10c54af26e,830,850.0,LOOT,20,2026-01-30 11:44:38 PM,1769844900,Rune javelin,1769842800,126,107100.0
23c7707f-446d-4327-bd91-9f10c54af26e,23733,-5.25,SUPPLY,20,2026-01-30 11:44:38 PM,1769844900,Divine ranging potion(4),1769842800,5623,-29520.75
23c7707f-446d-4327-bd91-9f10c54af26e,561,-42.0,SUPPLY,20,2026-01-30 11:44:38 PM,1769844900,Nature rune,1769842800,95,-3990.0
23c7707f-446d-4327-bd91-9f10c54af26e,9243,-425.0,SUPPLY,20,2026-01-30 11:44:38 PM,1769844900,Diamond bolts (e),1769842800,274,-116450.0
23c7707f-446d-4327-bd91-9f10c54af26e,1747,234.0,LOOT,20,2026-01-30 11:44:38 PM,1769844900,Black dragonhide,1769842800,3124,731016.0
23c7707f-446d-4327-bd91-9f10c54af26e,811,100.0,LOOT,20,2026-01-30 11:44:38 PM,1769844900,Rune dart,1769842800,208,20800.0
23c7707f-446d-4327-bd91-9f10c54af26e,1615,1.0,LOOT,20,2026-01-30 11:44:38 PM,1769844900,Dragonstone,1769842800,11280,11280.0
23c7707f-446d-4327-bd91-9f10c54af26e,19681,1.0,LOOT,20,2026-01-30 11:44:38 PM,1769844900,,1769842800,0,0.0
23c7707f-446d-4327-bd91-9f10c54af26e,11237,120.0,LOOT,20,2026-01-30 11:44:38 PM,1769844900,Dragon arrowtips,1769842800,2479,297480.0
23c7707f-446d-4327-bd91-9f10c54af26e,995,928586.0,LOOT,20,2026-01-30 11:44:38 PM,1769844900,,1769842800,0,0.0
23c7707f-446d-4327-bd91-9f10c54af26e,2552,-1.75,SUPPLY,20,2026-01-30 11:44:38 PM,1769844900,Ring of dueling(8),1769842800,739,-1293.25
23c7707f-446d-4327-bd91-9f10c54af26e,19582,80.0,LOOT,20,2026-01-30 11:44:38 PM,1769844900,Dragon javelin tips,1769842800,903,72240.0
23c7707f-446d-4327-bd91-9f10c54af26e,19679,1.0,LOOT,20,2026-01-30 11:44:38 PM,1769844900,,1769842800,0,0.0
23c7707f-446d-4327-bd91-9f10c54af26e,566,400.0,LOOT,20,2026-01-30 11:44:38 PM,1769844900,Soul rune,1769842800,320,128000.0
23c7707f-446d-4327-bd91-9f10c54af26e,563,525.0,LOOT,20,2026-01-30 11:44:38 PM,1769844900,Law rune,1769842800,120,63000.0
23c7707f-446d-4327-bd91-9f10c54af26e,805,180.0,LOOT,20,2026-01-30 11:44:38 PM,1769844900,Rune thrownaxe,1769842800,217,39060.0
23c7707f-446d-4327-bd91-9f10c54af26e,565,200.0,LOOT,20,2026-01-30 11:44:38 PM,1769844900,Blood rune,1769842800,221,44200.0
23c7707f-446d-4327-bd91-9f10c54af26e,7946,-17.0,SUPPLY,20,2026-01-30 11:44:38 PM,1769844900,Monkfish,1769842800,312,-5304.0
23c7707f-446d-4327-bd91-9f10c54af26e,11962,-10.0,SUPPLY,20,2026-01-30 11:44:38 PM,1769844900,Extended antifire mix(1),1769842800,0,-0.0
23c7707f-446d-4327-bd91-9f10c54af26e,892,1050.0,LOOT,20,2026-01-30 11:44:38 PM,1769844900,Rune arrow,1769842800,110,115500.0
2fb6d444-550d-4159-b0a9-36a14bcfea2c,560,150.0,LOOT,6,2026-01-17 01:08:58 AM,1768638600,Death rune,1768636800,122,18300.0
2fb6d444-550d-4159-b0a9-36a14bcfea2c,830,550.0,LOOT,6,2026-01-17 01:08:58 AM,1768638600,Rune javelin,1768636800,126,69300.0
2fb6d444-550d-4159-b0a9-36a14bcfea2c,23733,-4.5,SUPPLY,6,2026-01-17 01:08:58 AM,1768638600,Divine ranging potion(4),1768636800,5310,-23895.0
2fb6d444-550d-4159-b0a9-36a14bcfea2c,561,-30.0,SUPPLY,6,2026-01-17 01:08:58 AM,1768638600,Nature rune,1768636800,88,-2640.0
2fb6d444-550d-4159-b0a9-36a14bcfea2c,11232,160.0,LOOT,6,2026-01-17 01:08:58 AM,1768638600,Dragon dart tip,1768636800,1438,230080.0
2fb6d444-550d-4159-b0a9-36a14bcfea2c,9243,-356.0,SUPPLY,6,2026-01-17 01:08:58 AM,1768638600,Diamond bolts (e),1768636800,346,-123176.0
2fb6d444-550d-4159-b0a9-36a14bcfea2c,1747,193.0,LOOT,6,2026-01-17 01:08:58 AM,1768638600,Black dragonhide,1768636800,2658,512994.0
2fb6d444-550d-4159-b0a9-36a14bcfea2c,811,140.0,LOOT,6,2026-01-17 01:08:58 AM,1768638600,Rune dart,1768636800,165,23100.0
2fb6d444-550d-4159-b0a9-36a14bcfea2c,2491,1.0,LOOT,6,2026-01-17 01:08:58 AM,1768638600,Black d'hide vambraces,1768636800,2790,2790.0
2fb6d444-550d-4159-b0a9-36a14bcfea2c,985,3.0,LOOT,6,2026-01-17 01:08:58 AM,1768638600,Tooth half of key,1768636800,9810,29430.0
2fb6d444-550d-4159-b0a9-36a14bcfea2c,868,75.0,LOOT,6,2026-01-17 01:08:58 AM,1768638600,Rune knife,1768636800,137,10275.0
2fb6d444-550d-4159-b0a9-36a14bcfea2c,2434,-20.5,SUPPLY,6,2026-01-17 01:08:58 AM,1768638600,Prayer potion(4),1768636800,8178,-167649.0
2fb6d444-550d-4159-b0a9-36a14bcfea2c,995,636344.0,LOOT,6,2026-01-17 01:08:58 AM,1768638600,,1768636800,0,0.0
2fb6d444-550d-4159-b0a9-36a14bcfea2c,13510,4.0,LOOT,6,2026-01-17 01:08:58 AM,1768638600,,1768636800,0,0.0
2fb6d444-550d-4159-b0a9-36a14bcfea2c,452,3.0,LOOT,6,2026-01-17 01:08:58 AM,1768638600,,1768636800,0,0.0
2fb6d444-550d-4159-b0a9-36a14bcfea2c,2552,-1.375,SUPPLY,6,2026-01-17 01:08:58 AM,1768638600,Ring of dueling(8),1768636800,692,-951.5
2fb6d444-550d-4159-b0a9-36a14bcfea2c,19582,80.0,LOOT,6,2026-01-17 01:08:58 AM,1768638600,Dragon javelin tips,1768636800,950,76000.0
2fb6d444-550d-4159-b0a9-36a14bcfea2c,566,400.0,LOOT,6,2026-01-17 01:08:58 AM,1768638600,Soul rune,1768636800,302,120800.0
2fb6d444-550d-4159-b0a9-36a14bcfea2c,563,525.0,LOOT,6,2026-01-17 01:08:58 AM,1768638600,Law rune,1768636800,120,63000.0
2fb6d444-550d-4159-b0a9-36a14bcfea2c,554,-150.0,SUPPLY,6,2026-01-17 01:08:58 AM,1768638600,Fire rune,1768636800,5,-750.0
2fb6d444-550d-4159-b0a9-36a14bcfea2c,805,60.0,LOOT,6,2026-01-17 01:08:58 AM,1768638600,Rune thrownaxe,1768636800,220,13200.0
2fb6d444-550d-4159-b0a9-36a14bcfea2c,565,250.0,LOOT,6,2026-01-17 01:08:58 AM,1768638600,Blood rune,1768636800,215,53750.0
2fb6d444-550d-4159-b0a9-36a14bcfea2c,7946,-15.0,SUPPLY,6,2026-01-17 01:08:58 AM,1768638600,Monkfish,1768636800,424,-6360.0
2fb6d444-550d-4159-b0a9-36a14bcfea2c,11962,-6.0,SUPPLY,6,2026-01-17 01:08:58 AM,1768638600,Extended antifire mix(1),1768636800,0,-0.0
2fb6d444-550d-4159-b0a9-36a14bcfea2c,892,825.0,LOOT,6,2026-01-17 01:08:58 AM,1768638600,Rune arrow,1768636800,230,189750.0
5dd3383a-5d96-4a52-8cbc-137f0899db88,560,150.0,LOOT,0,2026-01-13 03:43:56 PM,1768343100,Death rune,1768341600,121,18150.0
5dd3383a-5d96-4a52-8cbc-137f0899db88,830,200.0,LOOT,0,2026-01-13 03:43:56 PM,1768343100,Rune javelin,1768341600,116,23200.0
5dd3383a-5d96-4a52-8cbc-137f0899db88,23733,-2.0,SUPPLY,0,2026-01-13 03:43:56 PM,1768343100,Divine ranging potion(4),1768341600,5880,-11760.0
5dd3383a-5d96-4a52-8cbc-137f0899db88,561,-16.0,SUPPLY,0,2026-01-13 03:43:56 PM,1768343100,Nature rune,1768341600,87,-1392.0
5dd3383a-5d96-4a52-8cbc-137f0899db88,9243,-211.0,SUPPLY,0,2026-01-13 03:43:56 PM,1768343100,Diamond bolts (e),1768341600,310,-65410.0
5dd3383a-5d96-4a52-8cbc-137f0899db88,1747,104.0,LOOT,0,2026-01-13 03:43:56 PM,1768343100,Black dragonhide,1768341600,2673,277992.0
5dd3383a-5d96-4a52-8cbc-137f0899db88,811,40.0,LOOT,0,2026-01-13 03:43:56 PM,1768343100,Rune dart,1768341600,178,7120.0
5dd3383a-5d96-4a52-8cbc-137f0899db88,868,25.0,LOOT,0,2026-01-13 03:43:56 PM,1768343100,Rune knife,1768341600,100,2500.0
5dd3383a-5d96-4a52-8cbc-137f0899db88,11237,40.0,LOOT,0,2026-01-13 03:43:56 PM,1768343100,Dragon arrowtips,1768341600,1978,79120.0
5dd3383a-5d96-4a52-8cbc-137f0899db88,2434,-11.25,SUPPLY,0,2026-01-13 03:43:56 PM,1768343100,Prayer potion(4),1768341600,7752,-87210.0
5dd3383a-5d96-4a52-8cbc-137f0899db88,995,514674.0,LOOT,0,2026-01-13 03:43:56 PM,1768343100,,1768341600,0,0.0
5dd3383a-5d96-4a52-8cbc-137f0899db88,13510,3.0,LOOT,0,2026-01-13 03:43:56 PM,1768343100,,1768341600,0,0.0
5dd3383a-5d96-4a52-8cbc-137f0899db88,2552,-0.75,SUPPLY,0,2026-01-13 03:43:56 PM,1768343100,Ring of dueling(8),1768341600,720,-540.0
5dd3383a-5d96-4a52-8cbc-137f0899db88,379,-1.0,SUPPLY,0,2026-01-13 03:43:56 PM,1768343100,Lobster,1768341600,185,-185.0
5dd3383a-5d96-4a52-8cbc-137f0899db88,19677,1.0,LOOT,0,2026-01-13 03:43:56 PM,1768343100,,1768341600,0,0.0
5dd3383a-5d96-4a52-8cbc-137f0899db88,566,150.0,LOOT,0,2026-01-13 03:43:56 PM,1768343100,Soul rune,1768341600,330,49500.0
5dd3383a-5d96-4a52-8cbc-137f0899db88,563,225.0,LOOT,0,2026-01-13 03:43:56 PM,1768343100,Law rune,1768341600,118,26550.0
5dd3383a-5d96-4a52-8cbc-137f0899db88,554,-80.0,SUPPLY,0,2026-01-13 03:43:56 PM,1768343100,Fire rune,1768341600,5,-400.0
5dd3383a-5d96-4a52-8cbc-137f0899db88,565,150.0,LOOT,0,2026-01-13 03:43:56 PM,1768343100,Blood rune,1768341600,212,31800.0
5dd3383a-5d96-4a52-8cbc-137f0899db88,7946,-4.0,SUPPLY,0,2026-01-13 03:43:56 PM,1768343100,Monkfish,1768341600,427,-1708.0
5dd3383a-5d96-4a52-8cbc-137f0899db88,11962,-4.0,SUPPLY,0,2026-01-13 03:43:56 PM,1768343100,Extended antifire mix(1),1768341600,0,-0.0
5dd3383a-5d96-4a52-8cbc-137f0899db88,892,225.0,LOOT,0,2026-01-13 03:43:56 PM,1768343100,Rune arrow,1768341600,226,50850.0
8beb8f26-fcbd-4065-b86c-8b157627b2f3,9244,-142.0,SUPPLY,5,2026-01-17 12:20:24 AM,1768633500,Dragonstone bolts (e),1768633200,484,-68728.0
8beb8f26-fcbd-4065-b86c-8b157627b2f3,560,150.0,LOOT,5,2026-01-17 12:20:24 AM,1768633500,Death rune,1768633200,122,18300.0
8beb8f26-fcbd-4065-b86c-8b157627b2f3,23733,-2.25,SUPPLY,5,2026-01-17 12:20:24 AM,1768633500,Divine ranging potion(4),1768633200,5261,-11837.25
8beb8f26-fcbd-4065-b86c-8b157627b2f3,561,-22.0,SUPPLY,5,2026-01-17 12:20:24 AM,1768633500,Nature rune,1768633200,86,-1892.0
8beb8f26-fcbd-4065-b86c-8b157627b2f3,11232,80.0,LOOT,5,2026-01-17 12:20:24 AM,1768633500,Dragon dart tip,1768633200,1430,114400.0
8beb8f26-fcbd-4065-b86c-8b157627b2f3,1747,110.0,LOOT,5,2026-01-17 12:20:24 AM,1768633500,Black dragonhide,1768633200,2663,292930.0
8beb8f26-fcbd-4065-b86c-8b157627b2f3,811,80.0,LOOT,5,2026-01-17 12:20:24 AM,1768633500,Rune dart,1768633200,165,13200.0
8beb8f26-fcbd-4065-b86c-8b157627b2f3,868,25.0,LOOT,5,2026-01-17 12:20:24 AM,1768633500,Rune knife,1768633200,132,3300.0
8beb8f26-fcbd-4065-b86c-8b157627b2f3,13441,1.0,LOOT,5,2026-01-17 12:20:24 AM,1768633500,Anglerfish,1768633200,1876,1876.0
8beb8f26-fcbd-4065-b86c-8b157627b2f3,11237,40.0,LOOT,5,2026-01-17 12:20:24 AM,1768633500,Dragon arrowtips,1768633200,1885,75400.0
8beb8f26-fcbd-4065-b86c-8b157627b2f3,2434,-11.25,SUPPLY,5,2026-01-17 12:20:24 AM,1768633500,Prayer potion(4),1768633200,8202,-92272.5
8beb8f26-fcbd-4065-b86c-8b157627b2f3,995,500031.0,LOOT,5,2026-01-17 12:20:24 AM,1768633500,,1768633200,0,0.0
8beb8f26-fcbd-4065-b86c-8b157627b2f3,13510,6.0,LOOT,5,2026-01-17 12:20:24 AM,1768633500,,1768633200,0,0.0
8beb8f26-fcbd-4065-b86c-8b157627b2f3,2552,-0.75,SUPPLY,5,2026-01-17 12:20:24 AM,1768633500,Ring of dueling(8),1768633200,694,-520.5
8beb8f26-fcbd-4065-b86c-8b157627b2f3,987,1.0,LOOT,5,2026-01-17 12:20:24 AM,1768633500,Loop half of key,1768633200,9840,9840.0
8beb8f26-fcbd-4065-b86c-8b157627b2f3,19677,1.0,LOOT,5,2026-01-17 12:20:24 AM,1768633500,,1768633200,0,0.0
8beb8f26-fcbd-4065-b86c-8b157627b2f3,563,450.0,LOOT,5,2026-01-17 12:20:24 AM,1768633500,Law rune,1768633200,119,53550.0
8beb8f26-fcbd-4065-b86c-8b157627b2f3,554,-110.0,SUPPLY,5,2026-01-17 12:20:24 AM,1768633500,Fire rune,1768633200,5,-550.0
8beb8f26-fcbd-4065-b86c-8b157627b2f3,805,60.0,LOOT,5,2026-01-17 12:20:24 AM,1768633500,Rune thrownaxe,1768633200,218,13080.0
8beb8f26-fcbd-4065-b86c-8b157627b2f3,565,200.0,LOOT,5,2026-01-17 12:20:24 AM,1768633500,Blood rune,1768633200,214,42800.0
8beb8f26-fcbd-4065-b86c-8b157627b2f3,7946,-6.0,SUPPLY,5,2026-01-17 12:20:24 AM,1768633500,Monkfish,1768633200,418,-2508.0
8beb8f26-fcbd-4065-b86c-8b157627b2f3,11962,-5.0,SUPPLY,5,2026-01-17 12:20:24 AM,1768633500,Extended antifire mix(1),1768633200,0,-0.0
8beb8f26-fcbd-4065-b86c-8b157627b2f3,892,150.0,LOOT,5,2026-01-17 12:20:24 AM,1768633500,Rune arrow,1768633200,226,33900.0
0c2da056-7fc6-4b09-aeff-7f98d732be49,19683,2.0,LOOT,16,2026-01-24 06:06:54 PM,1769316600,,1769313600,0,0.0
0c2da056-7fc6-4b09-aeff-7f98d732be49,11232,400.0,LOOT,16,2026-01-24 06:06:54 PM,1769316600,Dragon dart tip,1769313600,1478,591200.0
0c2da056-7fc6-4b09-aeff-7f98d732be49,1617,1.0,LOOT,16,2026-01-24 06:06:54 PM,1769316600,Uncut diamond,1769313600,2751,2751.0
0c2da056-7fc6-4b09-aeff-7f98d732be49,868,125.0,LOOT,16,2026-01-24 06:06:54 PM,1769316600,Rune knife,1769313600,183,22875.0
0c2da056-7fc6-4b09-aeff-7f98d732be49,13441,7.0,LOOT,16,2026-01-24 06:06:54 PM,1769316600,Anglerfish,1769313600,1935,13545.0
0c2da056-7fc6-4b09-aeff-7f98d732be49,2434,-70.0,SUPPLY,16,2026-01-24 06:06:54 PM,1769316600,Prayer potion(4),1769313600,7920,-554400.0
0c2da056-7fc6-4b09-aeff-7f98d732be49,13510,17.0,LOOT,16,2026-01-24 06:06:54 PM,1769316600,,1769313600,0,0.0
0c2da056-7fc6-4b09-aeff-7f98d732be49,1631,1.0,LOOT,16,2026-01-24 06:06:54 PM,1769316600,Uncut dragonstone,1769313600,15999,15999.0
0c2da056-7fc6-4b09-aeff-7f98d732be49,452,18.0,LOOT,16,2026-01-24 06:06:54 PM,1769316600,,1769313600,0,0.0
0c2da056-7fc6-4b09-aeff-7f98d732be49,19677,3.0,LOOT,16,2026-01-24 06:06:54 PM,1769316600,,1769313600,0,0.0
0c2da056-7fc6-4b09-aeff-7f98d732be49,2363,1.0,LOOT,16,2026-01-24 06:06:54 PM,1769316600,Runite bar,1769313600,12344,12344.0
0c2da056-7fc6-4b09-aeff-7f98d732be49,4697,-511.0,SUPPLY,16,2026-01-24 06:06:54 PM,1769316600,Smoke rune,1769313600,96,-49056.0
0c2da056-7fc6-4b09-aeff-7f98d732be49,560,1350.0,LOOT,16,2026-01-24 06:06:54 PM,1769316600,Death rune,1769313600,137,184950.0
0c2da056-7fc6-4b09-aeff-7f98d732be49,830,2200.0,LOOT,16,2026-01-24 06:06:54 PM,1769316600,Rune javelin,1769313600,132,290400.0
0c2da056-7fc6-4b09-aeff-7f98d732be49,23733,-14.25,SUPPLY,16,2026-01-24 06:06:54 PM,1769316600,Divine ranging potion(4),1769313600,5345,-76166.25
0c2da056-7fc6-4b09-aeff-7f98d732be49,561,-94.0,SUPPLY,16,2026-01-24 06:06:54 PM,1769316600,Nature rune,1769313600,94,-8836.0
0c2da056-7fc6-4b09-aeff-7f98d732be49,9243,-1083.0,SUPPLY,16,2026-01-24 06:06:54 PM,1769316600,Diamond bolts (e),1769313600,356,-385548.0
0c2da056-7fc6-4b09-aeff-7f98d732be49,1747,640.0,LOOT,16,2026-01-24 06:06:54 PM,1769316600,Black dragonhide,1769313600,3006,1923840.0
0c2da056-7fc6-4b09-aeff-7f98d732be49,811,380.0,LOOT,16,2026-01-24 06:06:54 PM,1769316600,Rune dart,1769313600,208,79040.0
0c2da056-7fc6-4b09-aeff-7f98d732be49,985,3.0,LOOT,16,2026-01-24 06:06:54 PM,1769316600,Tooth half of key,1769313600,9796,29388.0
0c2da056-7fc6-4b09-aeff-7f98d732be49,19681,3.0,LOOT,16,2026-01-24 06:06:54 PM,1769316600,,1769313600,0,0.0
0c2da056-7fc6-4b09-aeff-7f98d732be49,11237,360.0,LOOT,16,2026-01-24 06:06:54 PM,1769316600,Dragon arrowtips,1769313600,2010,723600.0
0c2da056-7fc6-4b09-aeff-7f98d732be49,995,2222307.0,LOOT,16,2026-01-24 06:06:54 PM,1769316600,,1769313600,0,0.0
0c2da056-7fc6-4b09-aeff-7f98d732be49,2552,-4.75,SUPPLY,16,2026-01-24 06:06:54 PM,1769316600,Ring of dueling(8),1769313600,710,-3372.5
0c2da056-7fc6-4b09-aeff-7f98d732be49,19582,320.0,LOOT,16,2026-01-24 06:06:54 PM,1769316600,Dragon javelin tips,1769313600,924,295680.0
0c2da056-7fc6-4b09-aeff-7f98d732be49,379,-7.0,SUPPLY,16,2026-01-24 06:06:54 PM,1769316600,Lobster,1769313600,168,-1176.0
0c2da056-7fc6-4b09-aeff-7f98d732be49,19679,2.0,LOOT,16,2026-01-24 06:06:54 PM,1769316600,,1769313600,0,0.0
0c2da056-7fc6-4b09-aeff-7f98d732be49,566,1000.0,LOOT,16,2026-01-24 06:06:54 PM,1769316600,Soul rune,1769313600,307,307000.0
0c2da056-7fc6-4b09-aeff-7f98d732be49,563,784.0,LOOT,16,2026-01-24 06:06:54 PM,1769316600,Law rune,1769313600,119,93296.0
0c2da056-7fc6-4b09-aeff-7f98d732be49,805,240.0,LOOT,16,2026-01-24 06:06:54 PM,1769316600,Rune thrownaxe,1769313600,215,51600.0
0c2da056-7fc6-4b09-aeff-7f98d732be49,565,850.0,LOOT,16,2026-01-24 06:06:54 PM,1769316600,Blood rune,1769313600,217,184450.0
0c2da056-7fc6-4b09-aeff-7f98d732be49,829,20.0,LOOT,16,2026-01-24 06:06:54 PM,1769316600,Adamant javelin,1769313600,60,1200.0
0c2da056-7fc6-4b09-aeff-7f98d732be49,30125,-0.25,SUPPLY,16,2026-01-24 06:06:54 PM,1769316600,Prayer regeneration potion(4),1769313600,44407,-11101.75
0c2da056-7fc6-4b09-aeff-7f98d732be49,7946,-42.0,SUPPLY,16,2026-01-24 06:06:54 PM,1769316600,Monkfish,1769313600,351,-14742.0
0c2da056-7fc6-4b09-aeff-7f98d732be49,11962,-25.0,SUPPLY,16,2026-01-24 06:06:54 PM,1769316600,Extended antifire mix(1),1769313600,323,-8075.0
0c2da056-7fc6-4b09-aeff-7f98d732be49,892,2334.0,LOOT,16,2026-01-24 06:06:54 PM,1769316600,Rune arrow,1769313600,146,340764.0
e13035d1-86de-4519-a247-35392c048c76,19683,1.0,LOOT,3,2026-01-15 08:31:16 PM,1768535100,,1768532400,0,0.0
e13035d1-86de-4519-a247-35392c048c76,560,75.0,LOOT,3,2026-01-15 08:31:16 PM,1768535100,Death rune,1768532400,122,9150.0
e13035d1-86de-4519-a247-35392c048c76,830,350.0,LOOT,3,2026-01-15 08:31:16 PM,1768535100,Rune javelin,1768532400,119,41650.0
e13035d1-86de-4519-a247-35392c048c76,23733,-3.0,SUPPLY,3,2026-01-15 08:31:16 PM,1768535100,Divine ranging potion(4),1768532400,5835,-17505.0
e13035d1-86de-4519-a247-35392c048c76,561,-40.0,SUPPLY,3,2026-01-15 08:31:16 PM,1768535100,Nature rune,1768532400,86,-3440.0
e13035d1-86de-4519-a247-35392c048c76,11232,120.0,LOOT,3,2026-01-15 08:31:16 PM,1768535100,Dragon dart tip,1768532400,1446,173520.0
e13035d1-86de-4519-a247-35392c048c76,9243,-281.0,SUPPLY,3,2026-01-15 08:31:16 PM,1768535100,Diamond bolts (e),1768532400,360,-101160.0
e13035d1-86de-4519-a247-35392c048c76,1747,170.0,LOOT,3,2026-01-15 08:31:16 PM,1768535100,Black dragonhide,1768532400,2704,459680.0
e13035d1-86de-4519-a247-35392c048c76,811,100.0,LOOT,3,2026-01-15 08:31:16 PM,1768535100,Rune dart,1768532400,170,17000.0
e13035d1-86de-4519-a247-35392c048c76,2491,2.0,LOOT,3,2026-01-15 08:31:16 PM,1768535100,Black d'hide vambraces,1768532400,3036,6072.0
e13035d1-86de-4519-a247-35392c048c76,868,50.0,LOOT,3,2026-01-15 08:31:16 PM,1768535100,Rune knife,1768532400,126,6300.0
e13035d1-86de-4519-a247-35392c048c76,13441,1.0,LOOT,3,2026-01-15 08:31:16 PM,1768535100,Anglerfish,1768532400,1822,1822.0
e13035d1-86de-4519-a247-35392c048c76,11237,40.0,LOOT,3,2026-01-15 08:31:16 PM,1768535100,Dragon arrowtips,1768532400,1855,74200.0
e13035d1-86de-4519-a247-35392c048c76,2434,-18.25,SUPPLY,3,2026-01-15 08:31:16 PM,1768535100,Prayer potion(4),1768532400,8062,-147131.5
e13035d1-86de-4519-a247-35392c048c76,995,950291.0,LOOT,3,2026-01-15 08:31:16 PM,1768535100,,1768532400,0,0.0
e13035d1-86de-4519-a247-35392c048c76,13510,4.0,LOOT,3,2026-01-15 08:31:16 PM,1768535100,,1768532400,0,0.0
e13035d1-86de-4519-a247-35392c048c76,1631,1.0,LOOT,3,2026-01-15 08:31:16 PM,1768535100,Uncut dragonstone,1768532400,14164,14164.0
e13035d1-86de-4519-a247-35392c048c76,452,3.0,LOOT,3,2026-01-15 08:31:16 PM,1768535100,,1768532400,0,0.0
e13035d1-86de-4519-a247-35392c048c76,2552,-1.25,SUPPLY,3,2026-01-15 08:31:16 PM,1768535100,Ring of dueling(8),1768532400,726,-907.5
e13035d1-86de-4519-a247-35392c048c76,566,300.0,LOOT,3,2026-01-15 08:31:16 PM,1768535100,Soul rune,1768532400,300,90000.0
e13035d1-86de-4519-a247-35392c048c76,563,450.0,LOOT,3,2026-01-15 08:31:16 PM,1768535100,Law rune,1768532400,118,53100.0
e13035d1-86de-4519-a247-35392c048c76,554,-200.0,SUPPLY,3,2026-01-15 08:31:16 PM,1768535100,Fire rune,1768532400,5,-1000.0
e13035d1-86de-4519-a247-35392c048c76,805,60.0,LOOT,3,2026-01-15 08:31:16 PM,1768535100,Rune thrownaxe,1768532400,212,12720.0
e13035d1-86de-4519-a247-35392c048c76,565,200.0,LOOT,3,2026-01-15 08:31:16 PM,1768535100,Blood rune,1768532400,216,43200.0
e13035d1-86de-4519-a247-35392c048c76,7946,-9.0,SUPPLY,3,2026-01-15 08:31:16 PM,1768535100,Monkfish,1768532400,443,-3987.0
e13035d1-86de-4519-a247-35392c048c76,11962,-6.0,SUPPLY,3,2026-01-15 08:31:16 PM,1768535100,Extended antifire mix(1),1768532400,0,-0.0
e13035d1-86de-4519-a247-35392c048c76,892,450.0,LOOT,3,2026-01-15 08:31:16 PM,1768535100,Rune arrow,1768532400,227,102150.0
d172fb9d-b79b-4482-9960-65d0be5e9be2,560,75.0,LOOT,18,2026-01-30 10:42:32 PM,1769834700,Death rune,1769832000,148,11100.0
d172fb9d-b79b-4482-9960-65d0be5e9be2,23733,-0.25,SUPPLY,18,2026-01-30 10:42:32 PM,1769834700,Divine ranging potion(4),1769832000,5668,-1417.0
d172fb9d-b79b-4482-9960-65d0be5e9be2,561,-3.0,SUPPLY,18,2026-01-30 10:42:32 PM,1769834700,Nature rune,1769832000,95,-285.0
d172fb9d-b79b-4482-9960-65d0be5e9be2,9243,-38.0,SUPPLY,18,2026-01-30 10:42:32 PM,1769834700,Diamond bolts (e),1769832000,262,-9956.0
d172fb9d-b79b-4482-9960-65d0be5e9be2,1747,16.0,LOOT,18,2026-01-30 10:42:32 PM,1769834700,Black dragonhide,1769832000,3083,49328.0
d172fb9d-b79b-4482-9960-65d0be5e9be2,2434,-1.5,SUPPLY,18,2026-01-30 10:42:32 PM,1769834700,Prayer potion(4),1769832000,8107,-12160.5
d172fb9d-b79b-4482-9960-65d0be5e9be2,995,92410.0,LOOT,18,2026-01-30 10:42:32 PM,1769834700,,1769832000,0,0.0
d172fb9d-b79b-4482-9960-65d0be5e9be2,13510,1.0,LOOT,18,2026-01-30 10:42:32 PM,1769834700,,1769832000,0,0.0
d172fb9d-b79b-4482-9960-65d0be5e9be2,2552,-0.125,SUPPLY,18,2026-01-30 10:42:32 PM,1769834700,Ring of dueling(8),1769832000,734,-91.75
d172fb9d-b79b-4482-9960-65d0be5e9be2,563,150.0,LOOT,18,2026-01-30 10:42:32 PM,1769834700,Law rune,1769832000,121,18150.0
d172fb9d-b79b-4482-9960-65d0be5e9be2,554,-15.0,SUPPLY,18,2026-01-30 10:42:32 PM,1769834700,Fire rune,1769832000,5,-75.0
d172fb9d-b79b-4482-9960-65d0be5e9be2,7946,-1.0,SUPPLY,18,2026-01-30 10:42:32 PM,1769834700,Monkfish,1769832000,305,-305.0
d172fb9d-b79b-4482-9960-65d0be5e9be2,892,75.0,LOOT,18,2026-01-30 10:42:32 PM,1769834700,Rune arrow,1769832000,111,8325.0
