session_uuid,item_id,qty_delta,category
03d81bfc-6406-46d2-85f7-fa1bd2ced911,560,450.0,LOOT
03d81bfc-6406-46d2-85f7-fa1bd2ced911,830,300.0,LOOT
03d81bfc-6406-46d2-85f7-fa1bd2ced911,23733,-4.5,SUPPLY
03d81bfc-6406-46d2-85f7-fa1bd2ced911,561,-41.0,SUPPLY
03d81bfc-6406-46d2-85f7-fa1bd2ced911,11232,80.0,LOOT
03d81bfc-6406-46d2-85f7-fa1bd2ced911,9243,-343.0,SUPPLY
03d81bfc-6406-46d2-85f7-fa1bd2ced911,1747,198.0,LOOT
03d81bfc-6406-46d2-85f7-fa1bd2ced911,811,180.0,LOOT
03d81bfc-6406-46d2-85f7-fa1bd2ced911,868,125.0,LOOT
03d81bfc-6406-46d2-85f7-fa1bd2ced911,13441,13.0,LOOT
03d81bfc-6406-46d2-85f7-fa1bd2ced911,2434,-21.5,SUPPLY
03d81bfc-6406-46d2-85f7-fa1bd2ced911,995,1101177.0,LOOT
03d81bfc-6406-46d2-85f7-fa1bd2ced911,13510,7.0,LOOT
03d81bfc-6406-46d2-85f7-fa1bd2ced911,2552,-1.5,SUPPLY
03d81bfc-6406-46d2-85f7-fa1bd2ced911,19582,40.0,LOOT
03d81bfc-6406-46d2-85f7-fa1bd2ced911,19677,1.0,LOOT
03d81bfc-6406-46d2-85f7-fa1bd2ced911,566,250.0,LOOT
03d81bfc-6406-46d2-85f7-fa1bd2ced911,563,225.0,LOOT
03d81bfc-6406-46d2-85f7-fa1bd2ced911,554,-205.0,SUPPLY
03d81bfc-6406-46d2-85f7-fa1bd2ced911,2503,1.0,LOOT
03d81bfc-6406-46d2-85f7-fa1bd2ced911,565,150.0,LOOT
03d81bfc-6406-46d2-85f7-fa1bd2ced911,7946,-8.0,SUPPLY
03d81bfc-6406-46d2-85f7-fa1bd2ced911,11962,-8.0,SUPPLY
03d81bfc-6406-46d2-85f7-fa1bd2ced911,892,600.0,LOOT
290bddc7-c087-434c-885d-8c2d002a06a1,560,450.0,LOOT
290bddc7-c087-434c-885d-8c2d002a06a1,830,400.0,LOOT
290bddc7-c087-434c-885d-8c2d002a06a1,23733,-5.5,SUPPLY
290bddc7-c087-434c-885d-8c2d002a06a1,561,-54.0,SUPPLY
290bddc7-c087-434c-885d-8c2d002a06a1,11232,240.0,LOOT
290bddc7-c087-434c-885d-8c2d002a06a1,9243,-434.0,SUPPLY
290bddc7-c087-434c-885d-8c2d002a06a1,1747,260.0,LOOT
290bddc7-c087-434c-885d-8c2d002a06a1,811,40.0,LOOT
290bddc7-c087-434c-885d-8c2d002a06a1,868,50.0,LOOT
290bddc7-c087-434c-885d-8c2d002a06a1,13441,6.0,LOOT
290bddc7-c087-434c-885d-8c2d002a06a1,11237,40.0,LOOT
290bddc7-c087-434c-885d-8c2d002a06a1,2434,-29.0,SUPPLY
290bddc7-c087-434c-885d-8c2d002a06a1,995,1353824.0,LOOT
290bddc7-c087-434c-885d-8c2d002a06a1,13510,2.0,LOOT
290bddc7-c087-434c-885d-8c2d002a06a1,452,6.0,LOOT
290bddc7-c087-434c-885d-8c2d002a06a1,2552,-1.75,SUPPLY
290bddc7-c087-434c-885d-8c2d002a06a1,19582,80.0,LOOT
290bddc7-c087-434c-885d-8c2d002a06a1,379,-2.0,SUPPLY
290bddc7-c087-434c-885d-8c2d002a06a1,987,1.0,LOOT
290bddc7-c087-434c-885d-8c2d002a06a1,19677,2.0,LOOT
290bddc7-c087-434c-885d-8c2d002a06a1,566,300.0,LOOT
290bddc7-c087-434c-885d-8c2d002a06a1,563,822.0,LOOT
290bddc7-c087-434c-885d-8c2d002a06a1,805,60.0,LOOT
290bddc7-c087-434c-885d-8c2d002a06a1,565,300.0,LOOT
290bddc7-c087-434c-885d-8c2d002a06a1,7946,-18.0,SUPPLY
290bddc7-c087-434c-885d-8c2d002a06a1,4697,-273.0,SUPPLY
290bddc7-c087-434c-885d-8c2d002a06a1,11962,-10.0,SUPPLY
290bddc7-c087-434c-885d-8c2d002a06a1,892,375.0,LOOT
e301bb0a-a8ca-4ff3-8d16-d167a43e4d56,560,525.0,LOOT
e301bb0a-a8ca-4ff3-8d16-d167a43e4d56,830,350.0,LOOT
e301bb0a-a8ca-4ff3-8d16-d167a43e4d56,23733,-3.75,SUPPLY
e301bb0a-a8ca-4ff3-8d16-d167a43e4d56,561,-31.0,SUPPLY
e301bb0a-a8ca-4ff3-8d16-d167a43e4d56,9243,-253.0,SUPPLY
e301bb0a-a8ca-4ff3-8d16-d167a43e4d56,1747,156.0,LOOT
e301bb0a-a8ca-4ff3-8d16-d167a43e4d56,811,180.0,LOOT
e301bb0a-a8ca-4ff3-8d16-d167a43e4d56,2491,3.0,LOOT
e301bb0a-a8ca-4ff3-8d16-d167a43e4d56,985,1.0,LOOT
e301bb0a-a8ca-4ff3-8d16-d167a43e4d56,19613,-1.0,SUPPLY
e301bb0a-a8ca-4ff3-8d16-d167a43e4d56,868,100.0,LOOT
e301bb0a-a8ca-4ff3-8d16-d167a43e4d56,11237,120.0,LOOT
e301bb0a-a8ca-4ff3-8d16-d167a43e4d56,2434,-17.25,SUPPLY
e301bb0a-a8ca-4ff3-8d16-d167a43e4d56,995,703124.0,LOOT
e301bb0a-a8ca-4ff3-8d16-d167a43e4d56,13510,6.0,LOOT
e301bb0a-a8ca-4ff3-8d16-d167a43e4d56,2552,-1.125,SUPPLY
e301bb0a-a8ca-4ff3-8d16-d167a43e4d56,19582,80.0,LOOT
e301bb0a-a8ca-4ff3-8d16-d167a43e4d56,379,-2.0,SUPPLY
e301bb0a-a8ca-4ff3-8d16-d167a43e4d56,987,1.0,LOOT
e301bb0a-a8ca-4ff3-8d16-d167a43e4d56,2363,1.0,LOOT
e301bb0a-a8ca-4ff3-8d16-d167a43e4d56,566,100.0,LOOT
e301bb0a-a8ca-4ff3-8d16-d167a43e4d56,563,443.0,LOOT
e301bb0a-a8ca-4ff3-8d16-d167a43e4d56,805,30.0,LOOT
e301bb0a-a8ca-4ff3-8d16-d167a43e4d56,565,200.0,LOOT
e301bb0a-a8ca-4ff3-8d16-d167a43e4d56,7946,-11.0,SUPPLY
e301bb0a-a8ca-4ff3-8d16-d167a43e4d56,4697,-162.0,SUPPLY
e301bb0a-a8ca-4ff3-8d16-d167a43e4d56,11962,-6.0,SUPPLY
e301bb0a-a8ca-4ff3-8d16-d167a43e4d56,892,375.0,LOOT
f3783e6d-4de4-428e-aab4-067be4ca45b1,560,300.0,LOOT
f3783e6d-4de4-428e-aab4-067be4ca45b1,830,100.0,LOOT
f3783e6d-4de4-428e-aab4-067be4ca45b1,23733,-1.5,SUPPLY
f3783e6d-4de4-428e-aab4-067be4ca45b1,561,-11.0,SUPPLY
f3783e6d-4de4-428e-aab4-067be4ca45b1,9243,-91.0,SUPPLY
f3783e6d-4de4-428e-aab4-067be4ca45b1,1747,66.0,LOOT
f3783e6d-4de4-428e-aab4-067be4ca45b1,811,60.0,LOOT
f3783e6d-4de4-428e-aab4-067be4ca45b1,13441,3.0,LOOT
f3783e6d-4de4-428e-aab4-067be4ca45b1,2434,-7.5,SUPPLY
f3783e6d-4de4-428e-aab4-067be4ca45b1,995,250810.0,LOOT
f3783e6d-4de4-428e-aab4-067be4ca45b1,13510,1.0,LOOT
f3783e6d-4de4-428e-aab4-067be4ca45b1,2552,-0.5,SUPPLY
f3783e6d-4de4-428e-aab4-067be4ca45b1,24364,1.0,LOOT
f3783e6d-4de4-428e-aab4-067be4ca45b1,19677,1.0,LOOT
f3783e6d-4de4-428e-aab4-067be4ca45b1,566,150.0,LOOT
f3783e6d-4de4-428e-aab4-067be4ca45b1,563,148.0,LOOT
f3783e6d-4de4-428e-aab4-067be4ca45b1,805,30.0,LOOT
f3783e6d-4de4-428e-aab4-067be4ca45b1,565,150.0,LOOT
f3783e6d-4de4-428e-aab4-067be4ca45b1,7946,-9.0,SUPPLY
f3783e6d-4de4-428e-aab4-067be4ca45b1,4697,-57.0,SUPPLY
f3783e6d-4de4-428e-aab4-067be4ca45b1,1163,2.0,LOOT
f3783e6d-4de4-428e-aab4-067be4ca45b1,11962,-3.0,SUPPLY
f3783e6d-4de4-428e-aab4-067be4ca45b1,892,375.0,LOOT
77d8bc53-8240-4c20-ab3d-b93c0acbe172,19683,1.0,LOOT
77d8bc53-8240-4c20-ab3d-b93c0acbe172,23733,-0.75,SUPPLY
77d8bc53-8240-4c20-ab3d-b93c0acbe172,561,-6.0,SUPPLY
77d8bc53-8240-4c20-ab3d-b93c0acbe172,11232,40.0,LOOT
77d8bc53-8240-4c20-ab3d-b93c0acbe172,9243,-70.0,SUPPLY
77d8bc53-8240-4c20-ab3d-b93c0acbe172,1747,36.0,LOOT
77d8bc53-8240-4c20-ab3d-b93c0acbe172,811,20.0,LOOT
77d8bc53-8240-4c20-ab3d-b93c0acbe172,868,25.0,LOOT
77d8bc53-8240-4c20-ab3d-b93c0acbe172,13441,1.0,LOOT
77d8bc53-8240-4c20-ab3d-b93c0acbe172,2434,-4.0,SUPPLY
77d8bc53-8240-4c20-ab3d-b93c0acbe172,995,110406.0,LOOT
77d8bc53-8240-4c20-ab3d-b93c0acbe172,13510,2.0,LOOT
77d8bc53-8240-4c20-ab3d-b93c0acbe172,2552,-0.25,SUPPLY
77d8bc53-8240-4c20-ab3d-b93c0acbe172,563,150.0,LOOT
77d8bc53-8240-4c20-ab3d-b93c0acbe172,554,-30.0,SUPPLY
77d8bc53-8240-4c20-ab3d-b93c0acbe172,565,50.0,LOOT
77d8bc53-8240-4c20-ab3d-b93c0acbe172,7946,-3.0,SUPPLY
77d8bc53-8240-4c20-ab3d-b93c0acbe172,11962,-2.0,SUPPLY
52644b91-9ca9-4cdf-a27a-9112bda2ea0c,560,225.0,LOOT
52644b91-9ca9-4cdf-a27a-9112bda2ea0c,830,350.0,LOOT
52644b91-9ca9-4cdf-a27a-9112bda2ea0c,23733,-2.25,SUPPLY
52644b91-9ca9-4cdf-a27a-9112bda2ea0c,561,-17.0,SUPPLY
52644b91-9ca9-4cdf-a27a-9112bda2ea0c,11232,80.0,LOOT
52644b91-9ca9-4cdf-a27a-9112bda2ea0c,1747,102.0,LOOT
52644b91-9ca9-4cdf-a27a-9112bda2ea0c,811,40.0,LOOT
52644b91-9ca9-4cdf-a27a-9112bda2ea0c,868,25.0,LOOT
52644b91-9ca9-4cdf-a27a-9112bda2ea0c,2434,-11.5,SUPPLY
52644b91-9ca9-4cdf-a27a-9112bda2ea0c,995,525270.0,LOOT
52644b91-9ca9-4cdf-a27a-9112bda2ea0c,13510,4.0,LOOT
52644b91-9ca9-4cdf-a27a-9112bda2ea0c,2552,-0.75,SUPPLY
52644b91-9ca9-4cdf-a27a-9112bda2ea0c,19582,40.0,LOOT
52644b91-9ca9-4cdf-a27a-9112bda2ea0c,987,1.0,LOOT
52644b91-9ca9-4cdf-a27a-9112bda2ea0c,566,150.0,LOOT
52644b91-9ca9-4cdf-a27a-9112bda2ea0c,563,-10.0,SUPPLY
52644b91-9ca9-4cdf-a27a-9112bda2ea0c,805,90.0,LOOT
52644b91-9ca9-4cdf-a27a-9112bda2ea0c,565,250.0,LOOT
52644b91-9ca9-4cdf-a27a-9112bda2ea0c,21936,-130.0,SUPPLY
52644b91-9ca9-4cdf-a27a-9112bda2ea0c,7946,-6.0,SUPPLY
52644b91-9ca9-4cdf-a27a-9112bda2ea0c,4697,-95.0,SUPPLY
52644b91-9ca9-4cdf-a27a-9112bda2ea0c,11962,-4.0,SUPPLY
52644b91-9ca9-4cdf-a27a-9112bda2ea0c,892,450.0,LOOT
4300808f-fddf-416a-a2b2-69b15c0422cf,19683,1.0,LOOT
4300808f-fddf-416a-a2b2-69b15c0422cf,11232,40.0,LOOT
4300808f-fddf-416a-a2b2-69b15c0422cf,868,25.0,LOOT
4300808f-fddf-416a-a2b2-69b15c0422cf,13441,7.0,LOOT
4300808f-fddf-416a-a2b2-69b15c0422cf,2434,-17.75,SUPPLY
4300808f-fddf-416a-a2b2-69b15c0422cf,13510,5.0,LOOT
4300808f-fddf-416a-a2b2-69b15c0422cf,452,6.0,LOOT
4300808f-fddf-416a-a2b2-69b15c0422cf,19677,1.0,LOOT
4300808f-fddf-416a-a2b2-69b15c0422cf,4697,-130.0,SUPPLY
4300808f-fddf-416a-a2b2-69b15c0422cf,560,75.0,LOOT
4300808f-fddf-416a-a2b2-69b15c0422cf,830,350.0,LOOT
4300808f-fddf-416a-a2b2-69b15c0422cf,23733,-3.0,SUPPLY
4300808f-fddf-416a-a2b2-69b15c0422cf,561,-26.0,SUPPLY
4300808f-fddf-416a-a2b2-69b15c0422cf,9243,-310.0,SUPPLY
4300808f-fddf-416a-a2b2-69b15c0422cf,1747,144.0,LOOT
4300808f-fddf-416a-a2b2-69b15c0422cf,811,20.0,LOOT
4300808f-fddf-416a-a2b2-69b15c0422cf,2491,1.0,LOOT
4300808f-fddf-416a-a2b2-69b15c0422cf,19681,1.0,LOOT
4300808f-fddf-416a-a2b2-69b15c0422cf,11237,160.0,LOOT
4300808f-fddf-416a-a2b2-69b15c0422cf,995,723080.0,LOOT
4300808f-fddf-416a-a2b2-69b15c0422cf,2552,-1.0,SUPPLY
4300808f-fddf-416a-a2b2-69b15c0422cf,19582,40.0,LOOT
4300808f-fddf-416a-a2b2-69b15c0422cf,379,-5.0,SUPPLY
4300808f-fddf-416a-a2b2-69b15c0422cf,566,150.0,LOOT
4300808f-fddf-416a-a2b2-69b15c0422cf,565,100.0,LOOT
4300808f-fddf-416a-a2b2-69b15c0422cf,7946,-12.0,SUPPLY
4300808f-fddf-416a-a2b2-69b15c0422cf,11962,-6.0,SUPPLY
4300808f-fddf-416a-a2b2-69b15c0422cf,892,300.0,LOOT
6621c323-d833-4b01-892c-d4a676b3125b,11232,200.0,LOOT
6621c323-d833-4b01-892c-d4a676b3125b,868,175.0,LOOT
6621c323-d833-4b01-892c-d4a676b3125b,13441,5.0,LOOT
6621c323-d833-4b01-892c-d4a676b3125b,2434,-48.75,SUPPLY
6621c323-d833-4b01-892c-d4a676b3125b,13510,7.0,LOOT
6621c323-d833-4b01-892c-d4a676b3125b,452,15.0,LOOT
6621c323-d833-4b01-892c-d4a676b3125b,19677,3.0,LOOT
6621c323-d833-4b01-892c-d4a676b3125b,13391,-20.0,SUPPLY
6621c323-d833-4b01-892c-d4a676b3125b,4697,-355.0,SUPPLY
6621c323-d833-4b01-892c-d4a676b3125b,886,150.0,LOOT
6621c323-d833-4b01-892c-d4a676b3125b,560,570.0,LOOT
6621c323-d833-4b01-892c-d4a676b3125b,830,1000.0,LOOT
6621c323-d833-4b01-892c-d4a676b3125b,23733,-9.5,SUPPLY
6621c323-d833-4b01-892c-d4a676b3125b,561,-69.0,SUPPLY
6621c323-d833-4b01-892c-d4a676b3125b,9243,-757.0,SUPPLY
6621c323-d833-4b01-892c-d4a676b3125b,1747,429.0,LOOT
6621c323-d833-4b01-892c-d4a676b3125b,811,240.0,LOOT
6621c323-d833-4b01-892c-d4a676b3125b,11237,80.0,LOOT
6621c323-d833-4b01-892c-d4a676b3125b,995,1564132.0,LOOT
6621c323-d833-4b01-892c-d4a676b3125b,2552,-3.125,SUPPLY
6621c323-d833-4b01-892c-d4a676b3125b,19582,80.0,LOOT
6621c323-d833-4b01-892c-d4a676b3125b,379,-3.0,SUPPLY
6621c323-d833-4b01-892c-d4a676b3125b,19679,1.0,LOOT
6621c323-d833-4b01-892c-d4a676b3125b,566,900.0,LOOT
6621c323-d833-4b01-892c-d4a676b3125b,563,515.0,LOOT
6621c323-d833-4b01-892c-d4a676b3125b,805,180.0,LOOT
6621c323-d833-4b01-892c-d4a676b3125b,565,700.0,LOOT
6621c323-d833-4b01-892c-d4a676b3125b,7946,-28.0,SUPPLY
6621c323-d833-4b01-892c-d4a676b3125b,11962,-17.0,SUPPLY
6621c323-d833-4b01-892c-d4a676b3125b,892,1200.0,LOOT
7640ef96-e256-4935-8b7c-9b135956039f,560,75.0,LOOT
7640ef96-e256-4935-8b7c-9b135956039f,830,100.0,LOOT
7640ef96-e256-4935-8b7c-9b135956039f,23733,-1.5,SUPPLY
7640ef96-e256-4935-8b7c-9b135956039f,561,-14.0,SUPPLY
7640ef96-e256-4935-8b7c-9b135956039f,9243,-98.0,SUPPLY
7640ef96-e256-4935-8b7c-9b135956039f,811,40.0,LOOT
7640ef96-e256-4935-8b7c-9b135956039f,1747,76.0,LOOT
7640ef96-e256-4935-8b7c-9b135956039f,1617,1.0,LOOT
7640ef96-e256-4935-8b7c-9b135956039f,1305,1.0,LOOT
7640ef96-e256-4935-8b7c-9b135956039f,13441,3.0,LOOT
7640ef96-e256-4935-8b7c-9b135956039f,2434,-7.5,SUPPLY
7640ef96-e256-4935-8b7c-9b135956039f,995,455560.0,LOOT
7640ef96-e256-4935-8b7c-9b135956039f,2552,-0.5,SUPPLY
7640ef96-e256-4935-8b7c-9b135956039f,566,100.0,LOOT
7640ef96-e256-4935-8b7c-9b135956039f,563,150.0,LOOT
7640ef96-e256-4935-8b7c-9b135956039f,565,50.0,LOOT
7640ef96-e256-4935-8b7c-9b135956039f,7946,-4.0,SUPPLY
7640ef96-e256-4935-8b7c-9b135956039f,4697,-70.0,SUPPLY
7640ef96-e256-4935-8b7c-9b135956039f,11962,-3.0,SUPPLY
7640ef96-e256-4935-8b7c-9b135956039f,892,75.0,LOOT
d86a285f-c2e6-435f-9657-bb070bf2366a,560,300.0,LOOT
d86a285f-c2e6-435f-9657-bb070bf2366a,830,300.0,LOOT
d86a285f-c2e6-435f-9657-bb070bf2366a,23733,-4.0,SUPPLY
d86a285f-c2e6-435f-9657-bb070bf2366a,561,-33.0,SUPPLY
d86a285f-c2e6-435f-9657-bb070bf2366a,9243,-340.0,SUPPLY
d86a285f-c2e6-435f-9657-bb070bf2366a,1747,190.0,LOOT
d86a285f-c2e6-435f-9657-bb070bf2366a,811,120.0,LOOT
d86a285f-c2e6-435f-9657-bb070bf2366a,985,1.0,LOOT
d86a285f-c2e6-435f-9657-bb070bf2366a,19613,-1.0,SUPPLY
d86a285f-c2e6-435f-9657-bb070bf2366a,868,50.0,LOOT
d86a285f-c2e6-435f-9657-bb070bf2366a,13441,2.0,LOOT
d86a285f-c2e6-435f-9657-bb070bf2366a,2434,-20.75,SUPPLY
d86a285f-c2e6-435f-9657-bb070bf2366a,995,930745.0,LOOT
d86a285f-c2e6-435f-9657-bb070bf2366a,13510,1.0,LOOT
d86a285f-c2e6-435f-9657-bb070bf2366a,32344,-2.0,SUPPLY
d86a285f-c2e6-435f-9657-bb070bf2366a,452,3.0,LOOT
d86a285f-c2e6-435f-9657-bb070bf2366a,2552,-1.375,SUPPLY
d86a285f-c2e6-435f-9657-bb070bf2366a,19582,40.0,LOOT
d86a285f-c2e6-435f-9657-bb070bf2366a,566,300.0,LOOT
d86a285f-c2e6-435f-9657-bb070bf2366a,13391,-89.0,SUPPLY
d86a285f-c2e6-435f-9657-bb070bf2366a,563,525.0,LOOT
d86a285f-c2e6-435f-9657-bb070bf2366a,554,-165.0,SUPPLY
d86a285f-c2e6-435f-9657-bb070bf2366a,805,60.0,LOOT
d86a285f-c2e6-435f-9657-bb070bf2366a,565,200.0,LOOT
d86a285f-c2e6-435f-9657-bb070bf2366a,7946,-13.0,SUPPLY
d86a285f-c2e6-435f-9657-bb070bf2366a,11962,-7.0,SUPPLY
d86a285f-c2e6-435f-9657-bb070bf2366a,892,525.0,LOOT
d70b7509-ce74-4aa9-bc14-40c062cdf9bc,19683,1.0,LOOT
d70b7509-ce74-4aa9-bc14-40c062cdf9bc,11232,120.0,LOOT
d70b7509-ce74-4aa9-bc14-40c062cdf9bc,868,125.0,LOOT
d70b7509-ce74-4aa9-bc14-40c062cdf9bc,13441,24.0,LOOT
d70b7509-ce74-4aa9-bc14-40c062cdf9bc,2434,-62.25,SUPPLY
d70b7509-ce74-4aa9-bc14-40c062cdf9bc,13510,10.0,LOOT
d70b7509-ce74-4aa9-bc14-40c062cdf9bc,1631,1.0,LOOT
d70b7509-ce74-4aa9-bc14-40c062cdf9bc,452,12.0,LOOT
d70b7509-ce74-4aa9-bc14-40c062cdf9bc,19677,2.0,LOOT
d70b7509-ce74-4aa9-bc14-40c062cdf9bc,4697,-476.0,SUPPLY
d70b7509-ce74-4aa9-bc14-40c062cdf9bc,560,1575.0,LOOT
d70b7509-ce74-4aa9-bc14-40c062cdf9bc,830,1299.0,LOOT
d70b7509-ce74-4aa9-bc14-40c062cdf9bc,23733,-12.0,SUPPLY
d70b7509-ce74-4aa9-bc14-40c062cdf9bc,561,-88.0,SUPPLY
d70b7509-ce74-4aa9-bc14-40c062cdf9bc,9243,-757.0,SUPPLY
d70b7509-ce74-4aa9-bc14-40c062cdf9bc,1747,565.0,LOOT
d70b7509-ce74-4aa9-bc14-40c062cdf9bc,811,280.0,LOOT
d70b7509-ce74-4aa9-bc14-40c062cdf9bc,985,2.0,LOOT
d70b7509-ce74-4aa9-bc14-40c062cdf9bc,24365,1.0,LOOT
d70b7509-ce74-4aa9-bc14-40c062cdf9bc,11237,400.0,LOOT
d70b7509-ce74-4aa9-bc14-40c062cdf9bc,995,2339623.0,LOOT
d70b7509-ce74-4aa9-bc14-40c062cdf9bc,2552,-4.125,SUPPLY
d70b7509-ce74-4aa9-bc14-40c062cdf9bc,19582,160.0,LOOT
d70b7509-ce74-4aa9-bc14-40c062cdf9bc,566,1050.0,LOOT
d70b7509-ce74-4aa9-bc14-40c062cdf9bc,563,1314.0,LOOT
d70b7509-ce74-4aa9-bc14-40c062cdf9bc,805,210.0,LOOT
d70b7509-ce74-4aa9-bc14-40c062cdf9bc,565,700.0,LOOT
d70b7509-ce74-4aa9-bc14-40c062cdf9bc,7946,-41.0,SUPPLY
d70b7509-ce74-4aa9-bc14-40c062cdf9bc,11962,-23.0,SUPPLY
d70b7509-ce74-4aa9-bc14-40c062cdf9bc,892,1992.0,LOOT
864b1137-d459-4d79-9ea7-153d0e0a37f4,11232,160.0,LOOT
864b1137-d459-4d79-9ea7-153d0e0a37f4,868,50.0,LOOT
864b1137-d459-4d79-9ea7-153d0e0a37f4,2434,-21.0,SUPPLY
864b1137-d459-4d79-9ea7-153d0e0a37f4,13510,3.0,LOOT
864b1137-d459-4d79-9ea7-153d0e0a37f4,452,6.0,LOOT
864b1137-d459-4d79-9ea7-153d0e0a37f4,19677,1.0,LOOT
864b1137-d459-4d79-9ea7-153d0e0a37f4,4697,-168.0,SUPPLY
864b1137-d459-4d79-9ea7-153d0e0a37f4,560,525.0,LOOT
864b1137-d459-4d79-9ea7-153d0e0a37f4,830,300.0,LOOT
864b1137-d459-4d79-9ea7-153d0e0a37f4,23733,-4.0,SUPPLY
864b1137-d459-4d79-9ea7-153d0e0a37f4,561,-31.0,SUPPLY
864b1137-d459-4d79-9ea7-153d0e0a37f4,9243,-314.0,SUPPLY
864b1137-d459-4d79-9ea7-153d0e0a37f4,1247,1.0,LOOT
864b1137-d459-4d79-9ea7-153d0e0a37f4,1747,183.0,LOOT
864b1137-d459-4d79-9ea7-153d0e0a37f4,811,100.0,LOOT
864b1137-d459-4d79-9ea7-153d0e0a37f4,11237,120.0,LOOT
864b1137-d459-4d79-9ea7-153d0e0a37f4,995,803872.0,LOOT
864b1137-d459-4d79-9ea7-153d0e0a37f4,2552,-1.375,SUPPLY
864b1137-d459-4d79-9ea7-153d0e0a37f4,19582,40.0,LOOT
864b1137-d459-4d79-9ea7-153d0e0a37f4,379,-3.0,SUPPLY
864b1137-d459-4d79-9ea7-153d0e0a37f4,987,1.0,LOOT
864b1137-d459-4d79-9ea7-153d0e0a37f4,19679,1.0,LOOT
864b1137-d459-4d79-9ea7-153d0e0a37f4,566,350.0,LOOT
864b1137-d459-4d79-9ea7-153d0e0a37f4,563,-13.0,SUPPLY
864b1137-d459-4d79-9ea7-153d0e0a37f4,805,150.0,LOOT
864b1137-d459-4d79-9ea7-153d0e0a37f4,565,250.0,LOOT
864b1137-d459-4d79-9ea7-153d0e0a37f4,7946,-15.0,SUPPLY
864b1137-d459-4d79-9ea7-153d0e0a37f4,11962,-7.0,SUPPLY
864b1137-d459-4d79-9ea7-153d0e0a37f4,892,675.0,LOOT
60ff452b-17cf-4b6d-884b-8658dadf883c,560,375.0,LOOT
60ff452b-17cf-4b6d-884b-8658dadf883c,830,450.0,LOOT
60ff452b-17cf-4b6d-884b-8658dadf883c,23733,-3.25,SUPPLY
60ff452b-17cf-4b6d-884b-8658dadf883c,561,-23.0,SUPPLY
60ff452b-17cf-4b6d-884b-8658dadf883c,11232,80.0,LOOT
60ff452b-17cf-4b6d-884b-8658dadf883c,9243,-238.0,SUPPLY
60ff452b-17cf-4b6d-884b-8658dadf883c,1747,132.0,LOOT
60ff452b-17cf-4b6d-884b-8658dadf883c,811,140.0,LOOT
60ff452b-17cf-4b6d-884b-8658dadf883c,868,25.0,LOOT
60ff452b-17cf-4b6d-884b-8658dadf883c,13441,4.0,LOOT
60ff452b-17cf-4b6d-884b-8658dadf883c,2434,-16.25,SUPPLY
60ff452b-17cf-4b6d-884b-8658dadf883c,995,384199.0,LOOT
60ff452b-17cf-4b6d-884b-8658dadf883c,13510,7.0,LOOT
60ff452b-17cf-4b6d-884b-8658dadf883c,1631,1.0,LOOT
60ff452b-17cf-4b6d-884b-8658dadf883c,1619,1.0,LOOT
60ff452b-17cf-4b6d-884b-8658dadf883c,452,3.0,LOOT
60ff452b-17cf-4b6d-884b-8658dadf883c,2552,-1.0,SUPPLY
60ff452b-17cf-4b6d-884b-8658dadf883c,19582,120.0,LOOT
60ff452b-17cf-4b6d-884b-8658dadf883c,1215,1.0,LOOT
60ff452b-17cf-4b6d-884b-8658dadf883c,566,250.0,LOOT
60ff452b-17cf-4b6d-884b-8658dadf883c,563,225.0,LOOT
60ff452b-17cf-4b6d-884b-8658dadf883c,554,-115.0,SUPPLY
60ff452b-17cf-4b6d-884b-8658dadf883c,805,90.0,LOOT
60ff452b-17cf-4b6d-884b-8658dadf883c,565,50.0,LOOT
60ff452b-17cf-4b6d-884b-8658dadf883c,7946,-8.0,SUPPLY
60ff452b-17cf-4b6d-884b-8658dadf883c,1623,1.0,LOOT
60ff452b-17cf-4b6d-884b-8658dadf883c,11962,-6.0,SUPPLY
60ff452b-17cf-4b6d-884b-8658dadf883c,892,225.0,LOOT
4fa5b635-2870-4b64-8af5-5b0c3a200827,11232,80.0,LOOT
4fa5b635-2870-4b64-8af5-5b0c3a200827,868,50.0,LOOT
4fa5b635-2870-4b64-8af5-5b0c3a200827,13441,4.0,LOOT
4fa5b635-2870-4b64-8af5-5b0c3a200827,2434,-21.5,SUPPLY
4fa5b635-2870-4b64-8af5-5b0c3a200827,13510,6.0,LOOT
4fa5b635-2870-4b64-8af5-5b0c3a200827,452,6.0,LOOT
4fa5b635-2870-4b64-8af5-5b0c3a200827,554,-125.0,SUPPLY
4fa5b635-2870-4b64-8af5-5b0c3a200827,560,525.0,LOOT
4fa5b635-2870-4b64-8af5-5b0c3a200827,830,400.0,LOOT
4fa5b635-2870-4b64-8af5-5b0c3a200827,23733,-3.75,SUPPLY
4fa5b635-2870-4b64-8af5-5b0c3a200827,561,-25.0,SUPPLY
4fa5b635-2870-4b64-8af5-5b0c3a200827,9243,-346.0,SUPPLY
4fa5b635-2870-4b64-8af5-5b0c3a200827,1747,180.0,LOOT
4fa5b635-2870-4b64-8af5-5b0c3a200827,811,180.0,LOOT
4fa5b635-2870-4b64-8af5-5b0c3a200827,985,1.0,LOOT
4fa5b635-2870-4b64-8af5-5b0c3a200827,11237,80.0,LOOT
4fa5b635-2870-4b64-8af5-5b0c3a200827,995,890687.0,LOOT
4fa5b635-2870-4b64-8af5-5b0c3a200827,2552,-1.5,SUPPLY
4fa5b635-2870-4b64-8af5-5b0c3a200827,19582,80.0,LOOT
4fa5b635-2870-4b64-8af5-5b0c3a200827,19679,1.0,LOOT
4fa5b635-2870-4b64-8af5-5b0c3a200827,566,400.0,LOOT
4fa5b635-2870-4b64-8af5-5b0c3a200827,563,150.0,LOOT
4fa5b635-2870-4b64-8af5-5b0c3a200827,805,90.0,LOOT
4fa5b635-2870-4b64-8af5-5b0c3a200827,565,350.0,LOOT
4fa5b635-2870-4b64-8af5-5b0c3a200827,7946,-10.0,SUPPLY
4fa5b635-2870-4b64-8af5-5b0c3a200827,1163,1.0,LOOT
4fa5b635-2870-4b64-8af5-5b0c3a200827,11962,-8.0,SUPPLY
4fa5b635-2870-4b64-8af5-5b0c3a200827,892,375.0,LOOT
c21cce3a-ddbc-474e-98e1-17db7bfc7bf0,11232,120.0,LOOT
c21cce3a-ddbc-474e-98e1-17db7bfc7bf0,868,200.0,LOOT
c21cce3a-ddbc-474e-98e1-17db7bfc7bf0,13441,14.0,LOOT
c21cce3a-ddbc-474e-98e1-17db7bfc7bf0,2434,-41.5,SUPPLY
c21cce3a-ddbc-474e-98e1-17db7bfc7bf0,13510,5.0,LOOT
c21cce3a-ddbc-474e-98e1-17db7bfc7bf0,1631,1.0,LOOT
c21cce3a-ddbc-474e-98e1-17db7bfc7bf0,452,3.0,LOOT
c21cce3a-ddbc-474e-98e1-17db7bfc7bf0,4697,-266.0,SUPPLY
c21cce3a-ddbc-474e-98e1-17db7bfc7bf0,560,825.0,LOOT
c21cce3a-ddbc-474e-98e1-17db7bfc7bf0,830,800.0,LOOT
c21cce3a-ddbc-474e-98e1-17db7bfc7bf0,23733,-8.0,SUPPLY
c21cce3a-ddbc-474e-98e1-17db7bfc7bf0,561,-49.0,SUPPLY
c21cce3a-ddbc-474e-98e1-17db7bfc7bf0,9243,-685.0,SUPPLY
c21cce3a-ddbc-474e-98e1-17db7bfc7bf0,1747,360.0,LOOT
c21cce3a-ddbc-474e-98e1-17db7bfc7bf0,811,200.0,LOOT
c21cce3a-ddbc-474e-98e1-17db7bfc7bf0,985,1.0,LOOT
c21cce3a-ddbc-474e-98e1-17db7bfc7bf0,11237,40.0,LOOT
c21cce3a-ddbc-474e-98e1-17db7bfc7bf0,995,1173943.0,LOOT
c21cce3a-ddbc-474e-98e1-17db7bfc7bf0,2552,-2.625,SUPPLY
c21cce3a-ddbc-474e-98e1-17db7bfc7bf0,19582,240.0,LOOT
c21cce3a-ddbc-474e-98e1-17db7bfc7bf0,379,-1.0,SUPPLY
c21cce3a-ddbc-474e-98e1-17db7bfc7bf0,987,1.0,LOOT
c21cce3a-ddbc-474e-98e1-17db7bfc7bf0,566,400.0,LOOT
c21cce3a-ddbc-474e-98e1-17db7bfc7bf0,563,804.0,LOOT
c21cce3a-ddbc-474e-98e1-17db7bfc7bf0,805,270.0,LOOT
c21cce3a-ddbc-474e-98e1-17db7bfc7bf0,565,800.0,LOOT
c21cce3a-ddbc-474e-98e1-17db7bfc7bf0,7946,-26.0,SUPPLY
c21cce3a-ddbc-474e-98e1-17db7bfc7bf0,11962,-13.0,SUPPLY
c21cce3a-ddbc-474e-98e1-17db7bfc7bf0,892,1050.0,LOOT
1369cfea-cc2d-479d-a17b-c773bd0cbd43,19683,1.0,LOOT
1369cfea-cc2d-479d-a17b-c773bd0cbd43,11232,120.0,LOOT
1369cfea-cc2d-479d-a17b-c773bd0cbd43,868,50.0,LOOT
1369cfea-cc2d-479d-a17b-c773bd0cbd43,13441,4.0,LOOT
1369cfea-cc2d-479d-a17b-c773bd0cbd43,2434,-34.25,SUPPLY
1369cfea-cc2d-479d-a17b-c773bd0cbd43,13510,4.0,LOOT
1369cfea-cc2d-479d-a17b-c773bd0cbd43,452,9.0,LOOT
1369cfea-cc2d-479d-a17b-c773bd0cbd43,19677,2.0,LOOT
1369cfea-cc2d-479d-a17b-c773bd0cbd43,554,-130.0,SUPPLY
1369cfea-cc2d-479d-a17b-c773bd0cbd43,4697,-184.0,SUPPLY
1369cfea-cc2d-479d-a17b-c773bd0cbd43,560,750.0,LOOT
1369cfea-cc2d-479d-a17b-c773bd0cbd43,830,600.0,LOOT
1369cfea-cc2d-479d-a17b-c773bd0cbd43,23733,-6.25,SUPPLY
1369cfea-cc2d-479d-a17b-c773bd0cbd43,561,-59.0,SUPPLY
1369cfea-cc2d-479d-a17b-c773bd0cbd43,9243,-549.0,SUPPLY
1369cfea-cc2d-479d-a17b-c773bd0cbd43,1747,319.0,LOOT
1369cfea-cc2d-479d-a17b-c773bd0cbd43,811,220.0,LOOT
1369cfea-cc2d-479d-a17b-c773bd0cbd43,19681,1.0,LOOT
1369cfea-cc2d-479d-a17b-c773bd0cbd43,11237,160.0,LOOT
1369cfea-cc2d-479d-a17b-c773bd0cbd43,995,1334978.0,LOOT
1369cfea-cc2d-479d-a17b-c773bd0cbd43,2552,-2.375,SUPPLY
1369cfea-cc2d-479d-a17b-c773bd0cbd43,19582,80.0,LOOT
1369cfea-cc2d-479d-a17b-c773bd0cbd43,379,-4.0,SUPPLY
1369cfea-cc2d-479d-a17b-c773bd0cbd43,566,450.0,LOOT
1369cfea-cc2d-479d-a17b-c773bd0cbd43,563,806.0,LOOT
1369cfea-cc2d-479d-a17b-c773bd0cbd43,805,120.0,LOOT
1369cfea-cc2d-479d-a17b-c773bd0cbd43,565,300.0,LOOT
1369cfea-cc2d-479d-a17b-c773bd0cbd43,7946,-18.0,SUPPLY
1369cfea-cc2d-479d-a17b-c773bd0cbd43,11962,-11.0,SUPPLY
1369cfea-cc2d-479d-a17b-c773bd0cbd43,892,825.0,LOOT
69825bf4-014e-4c6b-a271-9496c06bac4d,560,675.0,LOOT
69825bf4-014e-4c6b-a271-9496c06bac4d,830,350.0,LOOT
69825bf4-014e-4c6b-a271-9496c06bac4d,23733,-4.5,SUPPLY
69825bf4-014e-4c6b-a271-9496c06bac4d,561,-37.0,SUPPLY
69825bf4-014e-4c6b-a271-9496c06bac4d,11232,80.0,LOOT
69825bf4-014e-4c6b-a271-9496c06bac4d,9243,-376.0,SUPPLY
69825bf4-014e-4c6b-a271-9496c06bac4d,1747,215.0,LOOT
69825bf4-014e-4c6b-a271-9496c06bac4d,811,80.0,LOOT
69825bf4-014e-4c6b-a271-9496c06bac4d,868,25.0,LOOT
69825bf4-014e-4c6b-a271-9496c06bac4d,13441,3.0,LOOT
69825bf4-014e-4c6b-a271-9496c06bac4d,11237,80.0,LOOT
69825bf4-014e-4c6b-a271-9496c06bac4d,2434,-23.75,SUPPLY
69825bf4-014e-4c6b-a271-9496c06bac4d,995,996840.0,LOOT
69825bf4-014e-4c6b-a271-9496c06bac4d,13510,5.0,LOOT
69825bf4-014e-4c6b-a271-9496c06bac4d,452,6.0,LOOT
69825bf4-014e-4c6b-a271-9496c06bac4d,2552,-1.5,SUPPLY
69825bf4-014e-4c6b-a271-9496c06bac4d,19582,40.0,LOOT
69825bf4-014e-4c6b-a271-9496c06bac4d,379,-1.0,SUPPLY
69825bf4-014e-4c6b-a271-9496c06bac4d,566,500.0,LOOT
69825bf4-014e-4c6b-a271-9496c06bac4d,563,202.0,LOOT
69825bf4-014e-4c6b-a271-9496c06bac4d,805,90.0,LOOT
69825bf4-014e-4c6b-a271-9496c06bac4d,565,250.0,LOOT
69825bf4-014e-4c6b-a271-9496c06bac4d,30125,-0.25,SUPPLY
69825bf4-014e-4c6b-a271-9496c06bac4d,7946,-13.0,SUPPLY
69825bf4-014e-4c6b-a271-9496c06bac4d,4697,-210.0,SUPPLY
69825bf4-014e-4c6b-a271-9496c06bac4d,11962,-8.0,SUPPLY
69825bf4-014e-4c6b-a271-9496c06bac4d,892,450.0,LOOT
23c7707f-446d-4327-bd91-9f10c54af26e,11232,80.0,LOOT
23c7707f-446d-4327-bd91-9f10c54af26e,868,75.0,LOOT
23c7707f-446d-4327-bd91-9f10c54af26e,13441,6.0,LOOT
23c7707f-446d-4327-bd91-9f10c54af26e,2434,-26.75,SUPPLY
23c7707f-446d-4327-bd91-9f10c54af26e,13510,4.0,LOOT
23c7707f-446d-4327-bd91-9f10c54af26e,1631,1.0,LOOT
23c7707f-446d-4327-bd91-9f10c54af26e,452,9.0,LOOT
23c7707f-446d-4327-bd91-9f10c54af26e,554,-210.0,SUPPLY
23c7707f-446d-4327-bd91-9f10c54af26e,560,375.0,LOOT
23c7707f-446d-4327-bd91-9f10c54af26e,830,850.0,LOOT
23c7707f-446d-4327-bd91-9f10c54af26e,23733,-5.25,SUPPLY
23c7707f-446d-4327-bd91-9f10c54af26e,561,-42.0,SUPPLY
23c7707f-446d-4327-bd91-9f10c54af26e,9243,-425.0,SUPPLY
23c7707f-446d-4327-bd91-9f10c54af26e,1747,234.0,LOOT
23c7707f-446d-4327-bd91-9f10c54af26e,811,100.0,LOOT
23c7707f-446d-4327-bd91-9f10c54af26e,1615,1.0,LOOT
23c7707f-446d-4327-bd91-9f10c54af26e,19681,1.0,LOOT
23c7707f-446d-4327-bd91-9f10c54af26e,11237,120.0,LOOT
23c7707f-446d-4327-bd91-9f10c54af26e,995,928586.0,LOOT
23c7707f-446d-4327-bd91-9f10c54af26e,2552,-1.75,SUPPLY
23c7707f-446d-4327-bd91-9f10c54af26e,19582,80.0,LOOT
23c7707f-446d-4327-bd91-9f10c54af26e,19679,1.0,LOOT
23c7707f-446d-4327-bd91-9f10c54af26e,566,400.0,LOOT
23c7707f-446d-4327-bd91-9f10c54af26e,563,525.0,LOOT
23c7707f-446d-4327-bd91-9f10c54af26e,805,180.0,LOOT
23c7707f-446d-4327-bd91-9f10c54af26e,565,200.0,LOOT
23c7707f-446d-4327-bd91-9f10c54af26e,7946,-17.0,SUPPLY
23c7707f-446d-4327-bd91-9f10c54af26e,11962,-10.0,SUPPLY
23c7707f-446d-4327-bd91-9f10c54af26e,892,1050.0,LOOT
2fb6d444-550d-4159-b0a9-36a14bcfea2c,560,150.0,LOOT
2fb6d444-550d-4159-b0a9-36a14bcfea2c,830,550.0,LOOT
2fb6d444-550d-4159-b0a9-36a14bcfea2c,23733,-4.5,SUPPLY
2fb6d444-550d-4159-b0a9-36a14bcfea2c,561,-30.0,SUPPLY
2fb6d444-550d-4159-b0a9-36a14bcfea2c,11232,160.0,LOOT
2fb6d444-550d-4159-b0a9-36a14bcfea2c,9243,-356.0,SUPPLY
2fb6d444-550d-4159-b0a9-36a14bcfea2c,1747,193.0,LOOT
2fb6d444-550d-4159-b0a9-36a14bcfea2c,811,140.0,LOOT
2fb6d444-550d-4159-b0a9-36a14bcfea2c,2491,1.0,LOOT
2fb6d444-550d-4159-b0a9-36a14bcfea2c,985,3.0,LOOT
2fb6d444-550d-4159-b0a9-36a14bcfea2c,868,75.0,LOOT
2fb6d444-550d-4159-b0a9-36a14bcfea2c,2434,-20.5,SUPPLY
2fb6d444-550d-4159-b0a9-36a14bcfea2c,995,636344.0,LOOT
2fb6d444-550d-4159-b0a9-36a14bcfea2c,13510,4.0,LOOT
2fb6d444-550d-4159-b0a9-36a14bcfea2c,452,3.0,LOOT
2fb6d444-550d-4159-b0a9-36a14bcfea2c,2552,-1.375,SUPPLY
2fb6d444-550d-4159-b0a9-36a14bcfea2c,19582,80.0,LOOT
2fb6d444-550d-4159-b0a9-36a14bcfea2c,566,400.0,LOOT
2fb6d444-550d-4159-b0a9-36a14bcfea2c,563,525.0,LOOT
2fb6d444-550d-4159-b0a9-36a14bcfea2c,554,-150.0,SUPPLY
2fb6d444-550d-4159-b0a9-36a14bcfea2c,805,60.0,LOOT
2fb6d444-550d-4159-b0a9-36a14bcfea2c,565,250.0,LOOT
2fb6d444-550d-4159-b0a9-36a14bcfea2c,7946,-15.0,SUPPLY
2fb6d444-550d-4159-b0a9-36a14bcfea2c,11962,-6.0,SUPPLY
2fb6d444-550d-4159-b0a9-36a14bcfea2c,892,825.0,LOOT
5dd3383a-5d96-4a52-8cbc-137f0899db88,560,150.0,LOOT
5dd3383a-5d96-4a52-8cbc-137f0899db88,830,200.0,LOOT
5dd3383a-5d96-4a52-8cbc-137f0899db88,23733,-2.0,SUPPLY
5dd3383a-5d96-4a52-8cbc-137f0899db88,561,-16.0,SUPPLY
5dd3383a-5d96-4a52-8cbc-137f0899db88,9243,-211.0,SUPPLY
5dd3383a-5d96-4a52-8cbc-137f0899db88,1747,104.0,LOOT
5dd3383a-5d96-4a52-8cbc-137f0899db88,811,40.0,LOOT
5dd3383a-5d96-4a52-8cbc-137f0899db88,868,25.0,LOOT
5dd3383a-5d96-4a52-8cbc-137f0899db88,11237,40.0,LOOT
5dd3383a-5d96-4a52-8cbc-137f0899db88,2434,-11.25,SUPPLY
5dd3383a-5d96-4a52-8cbc-137f0899db88,995,514674.0,LOOT
5dd3383a-5d96-4a52-8cbc-137f0899db88,13510,3.0,LOOT
5dd3383a-5d96-4a52-8cbc-137f0899db88,2552,-0.75,SUPPLY
5dd3383a-5d96-4a52-8cbc-137f0899db88,379,-1.0,SUPPLY
5dd3383a-5d96-4a52-8cbc-137f0899db88,19677,1.0,LOOT
5dd3383a-5d96-4a52-8cbc-137f0899db88,566,150.0,LOOT
5dd3383a-5d96-4a52-8cbc-137f0899db88,563,225.0,LOOT
5dd3383a-5d96-4a52-8cbc-137f0899db88,554,-80.0,SUPPLY
5dd3383a-5d96-4a52-8cbc-137f0899db88,565,150.0,LOOT
5dd3383a-5d96-4a52-8cbc-137f0899db88,7946,-4.0,SUPPLY
5dd3383a-5d96-4a52-8cbc-137f0899db88,11962,-4.0,SUPPLY
5dd3383a-5d96-4a52-8cbc-137f0899db88,892,225.0,LOOT
8beb8f26-fcbd-4065-b86c-8b157627b2f3,9244,-142.0,SUPPLY
8beb8f26-fcbd-4065-b86c-8b157627b2f3,560,150.0,LOOT
8beb8f26-fcbd-4065-b86c-8b157627b2f3,23733,-2.25,SUPPLY
8beb8f26-fcbd-4065-b86c-8b157627b2f3,561,-22.0,SUPPLY
8beb8f26-fcbd-4065-b86c-8b157627b2f3,11232,80.0,LOOT
8beb8f26-fcbd-4065-b86c-8b157627b2f3,1747,110.0,LOOT
8beb8f26-fcbd-4065-b86c-8b157627b2f3,811,80.0,LOOT
8beb8f26-fcbd-4065-b86c-8b157627b2f3,868,25.0,LOOT
8beb8f26-fcbd-4065-b86c-8b157627b2f3,13441,1.0,LOOT
8beb8f26-fcbd-4065-b86c-8b157627b2f3,11237,40.0,LOOT
8beb8f26-fcbd-4065-b86c-8b157627b2f3,2434,-11.25,SUPPLY
8beb8f26-fcbd-4065-b86c-8b157627b2f3,995,500031.0,LOOT
8beb8f26-fcbd-4065-b86c-8b157627b2f3,13510,6.0,LOOT
8beb8f26-fcbd-4065-b86c-8b157627b2f3,2552,-0.75,SUPPLY
8beb8f26-fcbd-4065-b86c-8b157627b2f3,987,1.0,LOOT
8beb8f26-fcbd-4065-b86c-8b157627b2f3,19677,1.0,LOOT
8beb8f26-fcbd-4065-b86c-8b157627b2f3,563,450.0,LOOT
8beb8f26-fcbd-4065-b86c-8b157627b2f3,554,-110.0,SUPPLY
8beb8f26-fcbd-4065-b86c-8b157627b2f3,805,60.0,LOOT
8beb8f26-fcbd-4065-b86c-8b157627b2f3,565,200.0,LOOT
8beb8f26-fcbd-4065-b86c-8b157627b2f3,7946,-6.0,SUPPLY
8beb8f26-fcbd-4065-b86c-8b157627b2f3,11962,-5.0,SUPPLY
8beb8f26-fcbd-4065-b86c-8b157627b2f3,892,150.0,LOOT
0c2da056-7fc6-4b09-aeff-7f98d732be49,19683,2.0,LOOT
0c2da056-7fc6-4b09-aeff-7f98d732be49,11232,400.0,LOOT
0c2da056-7fc6-4b09-aeff-7f98d732be49,1617,1.0,LOOT
0c2da056-7fc6-4b09-aeff-7f98d732be49,868,125.0,LOOT
0c2da056-7fc6-4b09-aeff-7f98d732be49,13441,7.0,LOOT
0c2da056-7fc6-4b09-aeff-7f98d732be49,2434,-70.0,SUPPLY
0c2da056-7fc6-4b09-aeff-7f98d732be49,13510,17.0,LOOT
0c2da056-7fc6-4b09-aeff-7f98d732be49,1631,1.0,LOOT
0c2da056-7fc6-4b09-aeff-7f98d732be49,452,18.0,LOOT
0c2da056-7fc6-4b09-aeff-7f98d732be49,19677,3.0,LOOT
0c2da056-7fc6-4b09-aeff-7f98d732be49,2363,1.0,LOOT
0c2da056-7fc6-4b09-aeff-7f98d732be49,4697,-511.0,SUPPLY
0c2da056-7fc6-4b09-aeff-7f98d732be49,560,1350.0,LOOT
0c2da056-7fc6-4b09-aeff-7f98d732be49,830,2200.0,LOOT
0c2da056-7fc6-4b09-aeff-7f98d732be49,23733,-14.25,SUPPLY
0c2da056-7fc6-4b09-aeff-7f98d732be49,561,-94.0,SUPPLY
0c2da056-7fc6-4b09-aeff-7f98d732be49,9243,-1083.0,SUPPLY
0c2da056-7fc6-4b09-aeff-7f98d732be49,1747,640.0,LOOT
0c2da056-7fc6-4b09-aeff-7f98d732be49,811,380.0,LOOT
0c2da056-7fc6-4b09-aeff-7f98d732be49,985,3.0,LOOT
0c2da056-7fc6-4b09-aeff-7f98d732be49,19681,3.0,LOOT
0c2da056-7fc6-4b09-aeff-7f98d732be49,11237,360.0,LOOT
0c2da056-7fc6-4b09-aeff-7f98d732be49,995,2222307.0,LOOT
0c2da056-7fc6-4b09-aeff-7f98d732be49,2552,-4.75,SUPPLY
0c2da056-7fc6-4b09-aeff-7f98d732be49,19582,320.0,LOOT
0c2da056-7fc6-4b09-aeff-7f98d732be49,379,-7.0,SUPPLY
0c2da056-7fc6-4b09-aeff-7f98d732be49,19679,2.0,LOOT
0c2da056-7fc6-4b09-aeff-7f98d732be49,566,1000.0,LOOT
0c2da056-7fc6-4b09-aeff-7f98d732be49,563,784.0,LOOT
0c2da056-7fc6-4b09-aeff-7f98d732be49,805,240.0,LOOT
0c2da056-7fc6-4b09-aeff-7f98d732be49,565,850.0,LOOT
0c2da056-7fc6-4b09-aeff-7f98d732be49,829,20.0,LOOT
0c2da056-7fc6-4b09-aeff-7f98d732be49,30125,-0.25,SUPPLY
0c2da056-7fc6-4b09-aeff-7f98d732be49,7946,-42.0,SUPPLY
0c2da056-7fc6-4b09-aeff-7f98d732be49,11962,-25.0,SUPPLY
0c2da056-7fc6-4b09-aeff-7f98d732be49,892,2334.0,LOOT
e13035d1-86de-4519-a247-35392c048c76,19683,1.0,LOOT
e13035d1-86de-4519-a247-35392c048c76,560,75.0,LOOT
e13035d1-86de-4519-a247-35392c048c76,830,350.0,LOOT
e13035d1-86de-4519-a247-35392c048c76,23733,-3.0,SUPPLY
e13035d1-86de-4519-a247-35392c048c76,561,-40.0,SUPPLY
e13035d1-86de-4519-a247-35392c048c76,11232,120.0,LOOT
e13035d1-86de-4519-a247-35392c048c76,9243,-281.0,SUPPLY
e13035d1-86de-4519-a247-35392c048c76,1747,170.0,LOOT
e13035d1-86de-4519-a247-35392c048c76,811,100.0,LOOT
e13035d1-86de-4519-a247-35392c048c76,2491,2.0,LOOT
e13035d1-86de-4519-a247-35392c048c76,868,50.0,LOOT
e13035d1-86de-4519-a247-35392c048c76,13441,1.0,LOOT
e13035d1-86de-4519-a247-35392c048c76,11237,40.0,LOOT
e13035d1-86de-4519-a247-35392c048c76,2434,-18.25,SUPPLY
e13035d1-86de-4519-a247-35392c048c76,995,950291.0,LOOT
e13035d1-86de-4519-a247-35392c048c76,13510,4.0,LOOT
e13035d1-86de-4519-a247-35392c048c76,1631,1.0,LOOT
e13035d1-86de-4519-a247-35392c048c76,452,3.0,LOOT
e13035d1-86de-4519-a247-35392c048c76,2552,-1.25,SUPPLY
e13035d1-86de-4519-a247-35392c048c76,566,300.0,LOOT
e13035d1-86de-4519-a247-35392c048c76,563,450.0,LOOT
e13035d1-86de-4519-a247-35392c048c76,554,-200.0,SUPPLY
e13035d1-86de-4519-a247-35392c048c76,805,60.0,LOOT
e13035d1-86de-4519-a247-35392c048c76,565,200.0,LOOT
e13035d1-86de-4519-a247-35392c048c76,7946,-9.0,SUPPLY
e13035d1-86de-4519-a247-35392c048c76,11962,-6.0,SUPPLY
e13035d1-86de-4519-a247-35392c048c76,892,450.0,LOOT
d172fb9d-b79b-4482-9960-65d0be5e9be2,560,75.0,LOOT
d172fb9d-b79b-4482-9960-65d0be5e9be2,23733,-0.25,SUPPLY
d172fb9d-b79b-4482-9960-65d0be5e9be2,561,-3.0,SUPPLY
d172fb9d-b79b-4482-9960-65d0be5e9be2,9243,-38.0,SUPPLY
d172fb9d-b79b-4482-9960-65d0be5e9be2,1747,16.0,LOOT
d172fb9d-b79b-4482-9960-65d0be5e9be2,2434,-1.5,SUPPLY
d172fb9d-b79b-4482-9960-65d0be5e9be2,995,92410.0,LOOT
d172fb9d-b79b-4482-9960-65d0be5e9be2,13510,1.0,LOOT
d172fb9d-b79b-4482-9960-65d0be5e9be2,2552,-0.125,SUPPLY
d172fb9d-b79b-4482-9960-65d0be5e9be2,563,150.0,LOOT
d172fb9d-b79b-4482-9960-65d0be5e9be2,554,-15.0,SUPPLY
d172fb9d-b79b-4482-9960-65d0be5e9be2,7946,-1.0,SUPPLY
d172fb9d-b79b-4482-9960-65d0be5e9be2,892,75.0,LOOT
1012f996-490b-4e1d-8132-4be42335cf6a,19582,40.0,LOOT
1012f996-490b-4e1d-8132-4be42335cf6a,452,6.0,LOOT
1012f996-490b-4e1d-8132-4be42335cf6a,995,1287392.0,LOOT
1012f996-490b-4e1d-8132-4be42335cf6a,13441,10.0,LOOT
1012f996-490b-4e1d-8132-4be42335cf6a,24364,1.0,LOOT
1012f996-490b-4e1d-8132-4be42335cf6a,19677,1.0,LOOT
1012f996-490b-4e1d-8132-4be42335cf6a,811,120.0,LOOT
1012f996-490b-4e1d-8132-4be42335cf6a,1747,249.0,LOOT
1012f996-490b-4e1d-8132-4be42335cf6a,565,400.0,LOOT
1012f996-490b-4e1d-8132-4be42335cf6a,2434,-22.5,SUPPLY
1012f996-490b-4e1d-8132-4be42335cf6a,11951,-2.0,SUPPLY
1012f996-490b-4e1d-8132-4be42335cf6a,561,-36.0,SUPPLY
1012f996-490b-4e1d-8132-4be42335cf6a,868,25.0,LOOT
1012f996-490b-4e1d-8132-4be42335cf6a,892,900.0,LOOT
1012f996-490b-4e1d-8132-4be42335cf6a,9243,-331.0,SUPPLY
1012f996-490b-4e1d-8132-4be42335cf6a,4697,-194.0,SUPPLY
1012f996-490b-4e1d-8132-4be42335cf6a,805,90.0,LOOT
1012f996-490b-4e1d-8132-4be42335cf6a,566,250.0,LOOT
1012f996-490b-4e1d-8132-4be42335cf6a,563,211.0,LOOT
1012f996-490b-4e1d-8132-4be42335cf6a,13510,4.0,LOOT
1012f996-490b-4e1d-8132-4be42335cf6a,560,375.0,LOOT
1012f996-490b-4e1d-8132-4be42335cf6a,11237,120.0,LOOT
1012f996-490b-4e1d-8132-4be42335cf6a,2552,-1.75,SUPPLY
1012f996-490b-4e1d-8132-4be42335cf6a,11232,80.0,LOOT
1012f996-490b-4e1d-8132-4be42335cf6a,830,350.0,LOOT
1012f996-490b-4e1d-8132-4be42335cf6a,23733,-4.5,SUPPLY
1012f996-490b-4e1d-8132-4be42335cf6a,365,-9.0,SUPPLY
ba40c100-de7d-4c54-b51e-a5033ebeeb08,19582,80.0,LOOT
ba40c100-de7d-4c54-b51e-a5033ebeeb08,452,3.0,LOOT
ba40c100-de7d-4c54-b51e-a5033ebeeb08,995,676215.0,LOOT
ba40c100-de7d-4c54-b51e-a5033ebeeb08,13441,1.0,LOOT
ba40c100-de7d-4c54-b51e-a5033ebeeb08,1747,143.0,LOOT
ba40c100-de7d-4c54-b51e-a5033ebeeb08,565,300.0,LOOT
ba40c100-de7d-4c54-b51e-a5033ebeeb08,2434,-16.25,SUPPLY
ba40c100-de7d-4c54-b51e-a5033ebeeb08,11951,-1.25,SUPPLY
ba40c100-de7d-4c54-b51e-a5033ebeeb08,561,-28.0,SUPPLY
ba40c100-de7d-4c54-b51e-a5033ebeeb08,868,25.0,LOOT
ba40c100-de7d-4c54-b51e-a5033ebeeb08,892,75.0,LOOT
ba40c100-de7d-4c54-b51e-a5033ebeeb08,2491,1.0,LOOT
ba40c100-de7d-4c54-b51e-a5033ebeeb08,9243,-198.0,SUPPLY
ba40c100-de7d-4c54-b51e-a5033ebeeb08,4697,-140.0,SUPPLY
ba40c100-de7d-4c54-b51e-a5033ebeeb08,805,60.0,LOOT
ba40c100-de7d-4c54-b51e-a5033ebeeb08,566,300.0,LOOT
ba40c100-de7d-4c54-b51e-a5033ebeeb08,563,225.0,LOOT
ba40c100-de7d-4c54-b51e-a5033ebeeb08,13510,6.0,LOOT
ba40c100-de7d-4c54-b51e-a5033ebeeb08,560,375.0,LOOT
ba40c100-de7d-4c54-b51e-a5033ebeeb08,1163,2.0,LOOT
ba40c100-de7d-4c54-b51e-a5033ebeeb08,2552,-1.0,SUPPLY
ba40c100-de7d-4c54-b51e-a5033ebeeb08,11232,120.0,LOOT
ba40c100-de7d-4c54-b51e-a5033ebeeb08,830,150.0,LOOT
ba40c100-de7d-4c54-b51e-a5033ebeeb08,23733,-3.0,SUPPLY
ba40c100-de7d-4c54-b51e-a5033ebeeb08,365,-20.0,SUPPLY
acbbf426-a1af-4d28-b10e-575e31620a8e,11962,-8.0,SUPPLY
acbbf426-a1af-4d28-b10e-575e31620a8e,7946,-15.0,SUPPLY
acbbf426-a1af-4d28-b10e-575e31620a8e,995,879846.0,LOOT
acbbf426-a1af-4d28-b10e-575e31620a8e,13441,7.0,LOOT
acbbf426-a1af-4d28-b10e-575e31620a8e,24364,1.0,LOOT
acbbf426-a1af-4d28-b10e-575e31620a8e,19677,1.0,LOOT
acbbf426-a1af-4d28-b10e-575e31620a8e,811,100.0,LOOT
acbbf426-a1af-4d28-b10e-575e31620a8e,1747,202.0,LOOT
acbbf426-a1af-4d28-b10e-575e31620a8e,565,250.0,LOOT
acbbf426-a1af-4d28-b10e-575e31620a8e,2434,-22.75,SUPPLY
acbbf426-a1af-4d28-b10e-575e31620a8e,561,-40.0,SUPPLY
acbbf426-a1af-4d28-b10e-575e31620a8e,868,125.0,LOOT
acbbf426-a1af-4d28-b10e-575e31620a8e,892,450.0,LOOT
acbbf426-a1af-4d28-b10e-575e31620a8e,985,1.0,LOOT
acbbf426-a1af-4d28-b10e-575e31620a8e,9243,-310.0,SUPPLY
acbbf426-a1af-4d28-b10e-575e31620a8e,4697,-229.0,SUPPLY
acbbf426-a1af-4d28-b10e-575e31620a8e,805,150.0,LOOT
acbbf426-a1af-4d28-b10e-575e31620a8e,566,600.0,LOOT
acbbf426-a1af-4d28-b10e-575e31620a8e,563,646.0,LOOT
acbbf426-a1af-4d28-b10e-575e31620a8e,13510,2.0,LOOT
acbbf426-a1af-4d28-b10e-575e31620a8e,560,525.0,LOOT
acbbf426-a1af-4d28-b10e-575e31620a8e,2552,-1.5,SUPPLY
acbbf426-a1af-4d28-b10e-575e31620a8e,11232,200.0,LOOT
acbbf426-a1af-4d28-b10e-575e31620a8e,830,300.0,LOOT
acbbf426-a1af-4d28-b10e-575e31620a8e,23733,-4.25,SUPPLY
acbbf426-a1af-4d28-b10e-575e31620a8e,11286,1.0,LOOT
06384c8f-92c3-42ca-a7d1-786c8c5c6440,995,42610.0,LOOT
06384c8f-92c3-42ca-a7d1-786c8c5c6440,1747,18.0,LOOT
06384c8f-92c3-42ca-a7d1-786c8c5c6440,2434,-2.0,SUPPLY
06384c8f-92c3-42ca-a7d1-786c8c5c6440,11951,-0.25,SUPPLY
06384c8f-92c3-42ca-a7d1-786c8c5c6440,561,-2.0,SUPPLY
06384c8f-92c3-42ca-a7d1-786c8c5c6440,9243,-28.0,SUPPLY
06384c8f-92c3-42ca-a7d1-786c8c5c6440,4697,-10.0,SUPPLY
06384c8f-92c3-42ca-a7d1-786c8c5c6440,805,30.0,LOOT
06384c8f-92c3-42ca-a7d1-786c8c5c6440,563,75.0,LOOT
06384c8f-92c3-42ca-a7d1-786c8c5c6440,13510,1.0,LOOT
06384c8f-92c3-42ca-a7d1-786c8c5c6440,11237,40.0,LOOT
06384c8f-92c3-42ca-a7d1-786c8c5c6440,2552,-0.125,SUPPLY
06384c8f-92c3-42ca-a7d1-786c8c5c6440,830,100.0,LOOT
06384c8f-92c3-42ca-a7d1-786c8c5c6440,23733,-0.5,SUPPLY
06384c8f-92c3-42ca-a7d1-786c8c5c6440,365,-1.0,SUPPLY
0c45cac7-f722-4489-82fa-e98a7bff5b43,19582,120.0,LOOT
0c45cac7-f722-4489-82fa-e98a7bff5b43,452,3.0,LOOT
0c45cac7-f722-4489-82fa-e98a7bff5b43,995,800756.0,LOOT
0c45cac7-f722-4489-82fa-e98a7bff5b43,13441,11.0,LOOT
0c45cac7-f722-4489-82fa-e98a7bff5b43,19677,2.0,LOOT
0c45cac7-f722-4489-82fa-e98a7bff5b43,811,120.0,LOOT
0c45cac7-f722-4489-82fa-e98a7bff5b43,1747,259.0,LOOT
0c45cac7-f722-4489-82fa-e98a7bff5b43,19679,1.0,LOOT
0c45cac7-f722-4489-82fa-e98a7bff5b43,30125,-0.25,SUPPLY
0c45cac7-f722-4489-82fa-e98a7bff5b43,565,350.0,LOOT
0c45cac7-f722-4489-82fa-e98a7bff5b43,2434,-25.0,SUPPLY
0c45cac7-f722-4489-82fa-e98a7bff5b43,11951,-2.25,SUPPLY
0c45cac7-f722-4489-82fa-e98a7bff5b43,561,-37.0,SUPPLY
0c45cac7-f722-4489-82fa-e98a7bff5b43,868,50.0,LOOT
0c45cac7-f722-4489-82fa-e98a7bff5b43,892,525.0,LOOT
0c45cac7-f722-4489-82fa-e98a7bff5b43,985,2.0,LOOT
0c45cac7-f722-4489-82fa-e98a7bff5b43,9243,-418.0,SUPPLY
0c45cac7-f722-4489-82fa-e98a7bff5b43,4697,-185.0,SUPPLY
0c45cac7-f722-4489-82fa-e98a7bff5b43,805,30.0,LOOT
0c45cac7-f722-4489-82fa-e98a7bff5b43,566,450.0,LOOT
0c45cac7-f722-4489-82fa-e98a7bff5b43,563,225.0,LOOT
0c45cac7-f722-4489-82fa-e98a7bff5b43,13510,8.0,LOOT
0c45cac7-f722-4489-82fa-e98a7bff5b43,560,675.0,LOOT
0c45cac7-f722-4489-82fa-e98a7bff5b43,11237,80.0,LOOT
0c45cac7-f722-4489-82fa-e98a7bff5b43,2552,-1.875,SUPPLY
0c45cac7-f722-4489-82fa-e98a7bff5b43,11232,200.0,LOOT
0c45cac7-f722-4489-82fa-e98a7bff5b43,830,300.0,LOOT
0c45cac7-f722-4489-82fa-e98a7bff5b43,23733,-5.25,SUPPLY
0c45cac7-f722-4489-82fa-e98a7bff5b43,365,-24.0,SUPPLY
2ceb8856-00c7-4f71-8fb4-abcccdee1c8b,19582,80.0,LOOT
2ceb8856-00c7-4f71-8fb4-abcccdee1c8b,452,3.0,LOOT
2ceb8856-00c7-4f71-8fb4-abcccdee1c8b,995,698733.0,LOOT
2ceb8856-00c7-4f71-8fb4-abcccdee1c8b,13441,8.0,LOOT
2ceb8856-00c7-4f71-8fb4-abcccdee1c8b,19677,1.0,LOOT
2ceb8856-00c7-4f71-8fb4-abcccdee1c8b,811,100.0,LOOT
2ceb8856-00c7-4f71-8fb4-abcccdee1c8b,1747,225.0,LOOT
2ceb8856-00c7-4f71-8fb4-abcccdee1c8b,565,450.0,LOOT
2ceb8856-00c7-4f71-8fb4-abcccdee1c8b,2434,-19.5,SUPPLY
2ceb8856-00c7-4f71-8fb4-abcccdee1c8b,11951,-2.0,SUPPLY
2ceb8856-00c7-4f71-8fb4-abcccdee1c8b,561,-31.0,SUPPLY
2ceb8856-00c7-4f71-8fb4-abcccdee1c8b,379,-11.0,SUPPLY
2ceb8856-00c7-4f71-8fb4-abcccdee1c8b,868,50.0,LOOT
2ceb8856-00c7-4f71-8fb4-abcccdee1c8b,892,600.0,LOOT
2ceb8856-00c7-4f71-8fb4-abcccdee1c8b,9243,-324.0,SUPPLY
2ceb8856-00c7-4f71-8fb4-abcccdee1c8b,4697,-166.0,SUPPLY
2ceb8856-00c7-4f71-8fb4-abcccdee1c8b,805,30.0,LOOT
2ceb8856-00c7-4f71-8fb4-abcccdee1c8b,566,400.0,LOOT
2ceb8856-00c7-4f71-8fb4-abcccdee1c8b,563,364.0,LOOT
2ceb8856-00c7-4f71-8fb4-abcccdee1c8b,13510,8.0,LOOT
2ceb8856-00c7-4f71-8fb4-abcccdee1c8b,560,150.0,LOOT
2ceb8856-00c7-4f71-8fb4-abcccdee1c8b,11237,160.0,LOOT
2ceb8856-00c7-4f71-8fb4-abcccdee1c8b,2552,-1.625,SUPPLY
2ceb8856-00c7-4f71-8fb4-abcccdee1c8b,830,600.0,LOOT
2ceb8856-00c7-4f71-8fb4-abcccdee1c8b,23733,-4.5,SUPPLY
8d8e21ab-e341-45f0-af93-7ddc4fbc02ae,19582,40.0,LOOT
8d8e21ab-e341-45f0-af93-7ddc4fbc02ae,995,298350.0,LOOT
8d8e21ab-e341-45f0-af93-7ddc4fbc02ae,13441,2.0,LOOT
8d8e21ab-e341-45f0-af93-7ddc4fbc02ae,19677,1.0,LOOT
8d8e21ab-e341-45f0-af93-7ddc4fbc02ae,811,20.0,LOOT
8d8e21ab-e341-45f0-af93-7ddc4fbc02ae,1747,70.0,LOOT
8d8e21ab-e341-45f0-af93-7ddc4fbc02ae,565,50.0,LOOT
8d8e21ab-e341-45f0-af93-7ddc4fbc02ae,2434,-6.25,SUPPLY
8d8e21ab-e341-45f0-af93-7ddc4fbc02ae,11951,-0.5,SUPPLY
8d8e21ab-e341-45f0-af93-7ddc4fbc02ae,561,-12.0,SUPPLY
8d8e21ab-e341-45f0-af93-7ddc4fbc02ae,868,25.0,LOOT
8d8e21ab-e341-45f0-af93-7ddc4fbc02ae,892,150.0,LOOT
8d8e21ab-e341-45f0-af93-7ddc4fbc02ae,21936,-82.0,SUPPLY
8d8e21ab-e341-45f0-af93-7ddc4fbc02ae,4697,-60.0,SUPPLY
8d8e21ab-e341-45f0-af93-7ddc4fbc02ae,566,200.0,LOOT
8d8e21ab-e341-45f0-af93-7ddc4fbc02ae,563,150.0,LOOT
8d8e21ab-e341-45f0-af93-7ddc4fbc02ae,13510,2.0,LOOT
8d8e21ab-e341-45f0-af93-7ddc4fbc02ae,560,75.0,LOOT
8d8e21ab-e341-45f0-af93-7ddc4fbc02ae,2552,-0.5,SUPPLY
8d8e21ab-e341-45f0-af93-7ddc4fbc02ae,11232,40.0,LOOT
8d8e21ab-e341-45f0-af93-7ddc4fbc02ae,830,100.0,LOOT
8d8e21ab-e341-45f0-af93-7ddc4fbc02ae,23733,-1.25,SUPPLY
8d8e21ab-e341-45f0-af93-7ddc4fbc02ae,365,-4.0,SUPPLY
a15f3c47-8d51-4d75-9222-5f88c6fa5f8a,19582,80.0,LOOT
a15f3c47-8d51-4d75-9222-5f88c6fa5f8a,452,6.0,LOOT
a15f3c47-8d51-4d75-9222-5f88c6fa5f8a,995,247616.0,LOOT
a15f3c47-8d51-4d75-9222-5f88c6fa5f8a,13441,9.0,LOOT
a15f3c47-8d51-4d75-9222-5f88c6fa5f8a,811,60.0,LOOT
a15f3c47-8d51-4d75-9222-5f88c6fa5f8a,987,1.0,LOOT
a15f3c47-8d51-4d75-9222-5f88c6fa5f8a,1747,130.0,LOOT
a15f3c47-8d51-4d75-9222-5f88c6fa5f8a,565,50.0,LOOT
a15f3c47-8d51-4d75-9222-5f88c6fa5f8a,2434,-12.75,SUPPLY
a15f3c47-8d51-4d75-9222-5f88c6fa5f8a,11951,-1.25,SUPPLY
a15f3c47-8d51-4d75-9222-5f88c6fa5f8a,561,-12.0,SUPPLY
a15f3c47-8d51-4d75-9222-5f88c6fa5f8a,868,25.0,LOOT
a15f3c47-8d51-4d75-9222-5f88c6fa5f8a,892,750.0,LOOT
a15f3c47-8d51-4d75-9222-5f88c6fa5f8a,9243,-202.0,SUPPLY
a15f3c47-8d51-4d75-9222-5f88c6fa5f8a,4697,-60.0,SUPPLY
a15f3c47-8d51-4d75-9222-5f88c6fa5f8a,805,30.0,LOOT
a15f3c47-8d51-4d75-9222-5f88c6fa5f8a,566,200.0,LOOT
a15f3c47-8d51-4d75-9222-5f88c6fa5f8a,563,300.0,LOOT
a15f3c47-8d51-4d75-9222-5f88c6fa5f8a,13510,7.0,LOOT
a15f3c47-8d51-4d75-9222-5f88c6fa5f8a,560,225.0,LOOT
a15f3c47-8d51-4d75-9222-5f88c6fa5f8a,2552,-1.125,SUPPLY
a15f3c47-8d51-4d75-9222-5f88c6fa5f8a,11232,80.0,LOOT
a15f3c47-8d51-4d75-9222-5f88c6fa5f8a,830,150.0,LOOT
a15f3c47-8d51-4d75-9222-5f88c6fa5f8a,23733,-2.75,SUPPLY
a15f3c47-8d51-4d75-9222-5f88c6fa5f8a,365,-5.0,SUPPLY
6a449670-3221-49f3-90fa-da536b065344,19582,80.0,LOOT
6a449670-3221-49f3-90fa-da536b065344,452,6.0,LOOT
6a449670-3221-49f3-90fa-da536b065344,995,1094963.0,LOOT
6a449670-3221-49f3-90fa-da536b065344,13441,15.0,LOOT
6a449670-3221-49f3-90fa-da536b065344,19677,1.0,LOOT
6a449670-3221-49f3-90fa-da536b065344,811,80.0,LOOT
6a449670-3221-49f3-90fa-da536b065344,1747,282.0,LOOT
6a449670-3221-49f3-90fa-da536b065344,565,500.0,LOOT
6a449670-3221-49f3-90fa-da536b065344,2434,-25.5,SUPPLY
6a449670-3221-49f3-90fa-da536b065344,11951,-2.5,SUPPLY
6a449670-3221-49f3-90fa-da536b065344,561,-48.0,SUPPLY
6a449670-3221-49f3-90fa-da536b065344,379,-15.0,SUPPLY
6a449670-3221-49f3-90fa-da536b065344,868,50.0,LOOT
6a449670-3221-49f3-90fa-da536b065344,892,300.0,LOOT
6a449670-3221-49f3-90fa-da536b065344,9243,-424.0,SUPPLY
6a449670-3221-49f3-90fa-da536b065344,4697,-251.0,SUPPLY
6a449670-3221-49f3-90fa-da536b065344,805,120.0,LOOT
6a449670-3221-49f3-90fa-da536b065344,28893,-3.0,SUPPLY
6a449670-3221-49f3-90fa-da536b065344,19683,1.0,LOOT
6a449670-3221-49f3-90fa-da536b065344,566,400.0,LOOT
6a449670-3221-49f3-90fa-da536b065344,563,214.0,LOOT
6a449670-3221-49f3-90fa-da536b065344,13510,4.0,LOOT
6a449670-3221-49f3-90fa-da536b065344,560,675.0,LOOT
6a449670-3221-49f3-90fa-da536b065344,11237,120.0,LOOT
6a449670-3221-49f3-90fa-da536b065344,2552,-2.0,SUPPLY
6a449670-3221-49f3-90fa-da536b065344,11232,160.0,LOOT
6a449670-3221-49f3-90fa-da536b065344,830,250.0,LOOT
6a449670-3221-49f3-90fa-da536b065344,23733,-5.75,SUPPLY
f35fbf04-42cf-4234-9c38-e8081549bc61,11962,-5.0,SUPPLY
f35fbf04-42cf-4234-9c38-e8081549bc61,7946,-11.0,SUPPLY
f35fbf04-42cf-4234-9c38-e8081549bc61,19582,80.0,LOOT
f35fbf04-42cf-4234-9c38-e8081549bc61,995,639272.0,LOOT
f35fbf04-42cf-4234-9c38-e8081549bc61,24364,1.0,LOOT
f35fbf04-42cf-4234-9c38-e8081549bc61,19677,1.0,LOOT
f35fbf04-42cf-4234-9c38-e8081549bc61,811,40.0,LOOT
f35fbf04-42cf-4234-9c38-e8081549bc61,1747,144.0,LOOT
f35fbf04-42cf-4234-9c38-e8081549bc61,565,300.0,LOOT
f35fbf04-42cf-4234-9c38-e8081549bc61,2434,-14.25,SUPPLY
f35fbf04-42cf-4234-9c38-e8081549bc61,561,47.0,LOOT
f35fbf04-42cf-4234-9c38-e8081549bc61,868,75.0,LOOT
f35fbf04-42cf-4234-9c38-e8081549bc61,892,75.0,LOOT
f35fbf04-42cf-4234-9c38-e8081549bc61,985,1.0,LOOT
f35fbf04-42cf-4234-9c38-e8081549bc61,1631,1.0,LOOT
f35fbf04-42cf-4234-9c38-e8081549bc61,9243,-206.0,SUPPLY
f35fbf04-42cf-4234-9c38-e8081549bc61,4697,-103.0,SUPPLY
f35fbf04-42cf-4234-9c38-e8081549bc61,566,150.0,LOOT
f35fbf04-42cf-4234-9c38-e8081549bc61,563,222.0,LOOT
f35fbf04-42cf-4234-9c38-e8081549bc61,13510,1.0,LOOT
f35fbf04-42cf-4234-9c38-e8081549bc61,560,300.0,LOOT
f35fbf04-42cf-4234-9c38-e8081549bc61,11237,80.0,LOOT
f35fbf04-42cf-4234-9c38-e8081549bc61,2552,-1.0,SUPPLY
f35fbf04-42cf-4234-9c38-e8081549bc61,11232,80.0,LOOT
f35fbf04-42cf-4234-9c38-e8081549bc61,830,300.0,LOOT
f35fbf04-42cf-4234-9c38-e8081549bc61,23733,-2.5,SUPPLY
ff34c7c8-509f-4579-ba10-d78ab5ef7c0c,19582,40.0,LOOT
ff34c7c8-509f-4579-ba10-d78ab5ef7c0c,452,3.0,LOOT
ff34c7c8-509f-4579-ba10-d78ab5ef7c0c,995,254776.0,LOOT
ff34c7c8-509f-4579-ba10-d78ab5ef7c0c,13441,4.0,LOOT
ff34c7c8-509f-4579-ba10-d78ab5ef7c0c,24364,1.0,LOOT
ff34c7c8-509f-4579-ba10-d78ab5ef7c0c,811,60.0,LOOT
ff34c7c8-509f-4579-ba10-d78ab5ef7c0c,1747,100.0,LOOT
ff34c7c8-509f-4579-ba10-d78ab5ef7c0c,565,150.0,LOOT
ff34c7c8-509f-4579-ba10-d78ab5ef7c0c,2434,-9.5,SUPPLY
ff34c7c8-509f-4579-ba10-d78ab5ef7c0c,11951,-1.0,SUPPLY
ff34c7c8-509f-4579-ba10-d78ab5ef7c0c,561,-12.0,SUPPLY
ff34c7c8-509f-4579-ba10-d78ab5ef7c0c,868,25.0,LOOT
ff34c7c8-509f-4579-ba10-d78ab5ef7c0c,892,300.0,LOOT
ff34c7c8-509f-4579-ba10-d78ab5ef7c0c,985,1.0,LOOT
ff34c7c8-509f-4579-ba10-d78ab5ef7c0c,9243,-142.0,SUPPLY
ff34c7c8-509f-4579-ba10-d78ab5ef7c0c,4697,-68.0,SUPPLY
ff34c7c8-509f-4579-ba10-d78ab5ef7c0c,805,90.0,LOOT
ff34c7c8-509f-4579-ba10-d78ab5ef7c0c,28893,-1.0,SUPPLY
ff34c7c8-509f-4579-ba10-d78ab5ef7c0c,566,200.0,LOOT
ff34c7c8-509f-4579-ba10-d78ab5ef7c0c,563,142.0,LOOT
ff34c7c8-509f-4579-ba10-d78ab5ef7c0c,13510,5.0,LOOT
ff34c7c8-509f-4579-ba10-d78ab5ef7c0c,560,300.0,LOOT
ff34c7c8-509f-4579-ba10-d78ab5ef7c0c,2552,-0.75,SUPPLY
ff34c7c8-509f-4579-ba10-d78ab5ef7c0c,11232,80.0,LOOT
ff34c7c8-509f-4579-ba10-d78ab5ef7c0c,23733,-2.25,SUPPLY
ff34c7c8-509f-4579-ba10-d78ab5ef7c0c,365,-10.0,SUPPLY
03eb7179-8430-48a3-9a50-3cae65909a2d,995,962390.0,LOOT
03eb7179-8430-48a3-9a50-3cae65909a2d,19677,1.0,LOOT
03eb7179-8430-48a3-9a50-3cae65909a2d,811,60.0,LOOT
03eb7179-8430-48a3-9a50-3cae65909a2d,1747,228.0,LOOT
03eb7179-8430-48a3-9a50-3cae65909a2d,11951,-2.25,SUPPLY
03eb7179-8430-48a3-9a50-3cae65909a2d,561,-41.0,SUPPLY
03eb7179-8430-48a3-9a50-3cae65909a2d,868,25.0,LOOT
03eb7179-8430-48a3-9a50-3cae65909a2d,1079,1.0,LOOT
03eb7179-8430-48a3-9a50-3cae65909a2d,1631,1.0,LOOT
03eb7179-8430-48a3-9a50-3cae65909a2d,805,30.0,LOOT
03eb7179-8430-48a3-9a50-3cae65909a2d,1623,1.0,LOOT
03eb7179-8430-48a3-9a50-3cae65909a2d,566,300.0,LOOT
03eb7179-8430-48a3-9a50-3cae65909a2d,11237,40.0,LOOT
03eb7179-8430-48a3-9a50-3cae65909a2d,11232,120.0,LOOT
03eb7179-8430-48a3-9a50-3cae65909a2d,13441,5.0,LOOT
03eb7179-8430-48a3-9a50-3cae65909a2d,19681,1.0,LOOT
03eb7179-8430-48a3-9a50-3cae65909a2d,565,250.0,LOOT
03eb7179-8430-48a3-9a50-3cae65909a2d,2434,-20.25,SUPPLY
03eb7179-8430-48a3-9a50-3cae65909a2d,379,-8.0,SUPPLY
03eb7179-8430-48a3-9a50-3cae65909a2d,892,150.0,LOOT
03eb7179-8430-48a3-9a50-3cae65909a2d,9243,-350.0,SUPPLY
03eb7179-8430-48a3-9a50-3cae65909a2d,4697,-205.0,SUPPLY
03eb7179-8430-48a3-9a50-3cae65909a2d,563,675.0,LOOT
03eb7179-8430-48a3-9a50-3cae65909a2d,13510,4.0,LOOT
03eb7179-8430-48a3-9a50-3cae65909a2d,560,675.0,LOOT
03eb7179-8430-48a3-9a50-3cae65909a2d,2552,-1.625,SUPPLY
03eb7179-8430-48a3-9a50-3cae65909a2d,830,450.0,LOOT
03eb7179-8430-48a3-9a50-3cae65909a2d,23733,-4.75,SUPPLY
03eb7179-8430-48a3-9a50-3cae65909a2d,365,-5.0,SUPPLY
89996cf5-1599-469d-a54b-59f73ec69339,565,350.0,LOOT
89996cf5-1599-469d-a54b-59f73ec69339,9243,-182.0,SUPPLY
89996cf5-1599-469d-a54b-59f73ec69339,23733,-2.5,SUPPLY
89996cf5-1599-469d-a54b-59f73ec69339,830,300.0,LOOT
89996cf5-1599-469d-a54b-59f73ec69339,805,60.0,LOOT
89996cf5-1599-469d-a54b-59f73ec69339,560,300.0,LOOT
89996cf5-1599-469d-a54b-59f73ec69339,13510,2.0,LOOT
89996cf5-1599-469d-a54b-59f73ec69339,24364,1.0,LOOT
89996cf5-1599-469d-a54b-59f73ec69339,2434,-10.0,SUPPLY
89996cf5-1599-469d-a54b-59f73ec69339,1305,1.0,LOOT
89996cf5-1599-469d-a54b-59f73ec69339,566,350.0,LOOT
89996cf5-1599-469d-a54b-59f73ec69339,4697,-99.0,SUPPLY
89996cf5-1599-469d-a54b-59f73ec69339,2552,-1.25,SUPPLY
89996cf5-1599-469d-a54b-59f73ec69339,19582,40.0,LOOT
89996cf5-1599-469d-a54b-59f73ec69339,11232,80.0,LOOT
89996cf5-1599-469d-a54b-59f73ec69339,892,225.0,LOOT
89996cf5-1599-469d-a54b-59f73ec69339,811,20.0,LOOT
89996cf5-1599-469d-a54b-59f73ec69339,536,63.0,LOOT
89996cf5-1599-469d-a54b-59f73ec69339,379,-8.0,SUPPLY
89996cf5-1599-469d-a54b-59f73ec69339,11951,-1.25,SUPPLY
89996cf5-1599-469d-a54b-59f73ec69339,13441,4.0,LOOT
89996cf5-1599-469d-a54b-59f73ec69339,561,-19.0,SUPPLY
89996cf5-1599-469d-a54b-59f73ec69339,995,446180.0,LOOT
89996cf5-1599-469d-a54b-59f73ec69339,1747,132.0,LOOT
89996cf5-1599-469d-a54b-59f73ec69339,28893,-3.0,SUPPLY
89996cf5-1599-469d-a54b-59f73ec69339,563,371.0,LOOT
89996cf5-1599-469d-a54b-59f73ec69339,985,1.0,LOOT
9e1d9694-642e-4ba7-839d-8dcff4e1a53e,9243,-81.0,SUPPLY
9e1d9694-642e-4ba7-839d-8dcff4e1a53e,23733,-1.0,SUPPLY
9e1d9694-642e-4ba7-839d-8dcff4e1a53e,830,150.0,LOOT
9e1d9694-642e-4ba7-839d-8dcff4e1a53e,1079,1.0,LOOT
9e1d9694-642e-4ba7-839d-8dcff4e1a53e,560,225.0,LOOT
9e1d9694-642e-4ba7-839d-8dcff4e1a53e,13510,2.0,LOOT
9e1d9694-642e-4ba7-839d-8dcff4e1a53e,24364,1.0,LOOT
9e1d9694-642e-4ba7-839d-8dcff4e1a53e,4697,-45.0,SUPPLY
9e1d9694-642e-4ba7-839d-8dcff4e1a53e,566,150.0,LOOT
9e1d9694-642e-4ba7-839d-8dcff4e1a53e,2552,-0.5,SUPPLY
9e1d9694-642e-4ba7-839d-8dcff4e1a53e,892,225.0,LOOT
9e1d9694-642e-4ba7-839d-8dcff4e1a53e,811,20.0,LOOT
9e1d9694-642e-4ba7-839d-8dcff4e1a53e,536,26.0,LOOT
9e1d9694-642e-4ba7-839d-8dcff4e1a53e,379,-9.0,SUPPLY
9e1d9694-642e-4ba7-839d-8dcff4e1a53e,11951,-0.75,SUPPLY
9e1d9694-642e-4ba7-839d-8dcff4e1a53e,13441,1.0,LOOT
9e1d9694-642e-4ba7-839d-8dcff4e1a53e,561,-9.0,SUPPLY
9e1d9694-642e-4ba7-839d-8dcff4e1a53e,995,186980.0,LOOT
9e1d9694-642e-4ba7-839d-8dcff4e1a53e,1747,54.0,LOOT
9e1d9694-642e-4ba7-839d-8dcff4e1a53e,28893,-19.0,SUPPLY
9e1d9694-642e-4ba7-839d-8dcff4e1a53e,563,150.0,LOOT
9c6e3ba0-76b2-475a-b3bf-3f38d6625e87,565,100.0,LOOT
9c6e3ba0-76b2-475a-b3bf-3f38d6625e87,19582,80.0,LOOT
9c6e3ba0-76b2-475a-b3bf-3f38d6625e87,811,20.0,LOOT
9c6e3ba0-76b2-475a-b3bf-3f38d6625e87,563,147.0,LOOT
9c6e3ba0-76b2-475a-b3bf-3f38d6625e87,443,100.0,LOOT
9c6e3ba0-76b2-475a-b3bf-3f38d6625e87,13510,2.0,LOOT
9c6e3ba0-76b2-475a-b3bf-3f38d6625e87,995,244671.0,LOOT
9c6e3ba0-76b2-475a-b3bf-3f38d6625e87,379,-1.0,SUPPLY
9c6e3ba0-76b2-475a-b3bf-3f38d6625e87,560,150.0,LOOT
9c6e3ba0-76b2-475a-b3bf-3f38d6625e87,19679,1.0,LOOT
9c6e3ba0-76b2-475a-b3bf-3f38d6625e87,452,3.0,LOOT
9c6e3ba0-76b2-475a-b3bf-3f38d6625e87,2434,-7.25,SUPPLY
9c6e3ba0-76b2-475a-b3bf-3f38d6625e87,23733,-1.5,SUPPLY
9c6e3ba0-76b2-475a-b3bf-3f38d6625e87,892,75.0,LOOT
9c6e3ba0-76b2-475a-b3bf-3f38d6625e87,9243,-84.0,SUPPLY
9c6e3ba0-76b2-475a-b3bf-3f38d6625e87,1747,68.0,LOOT
9c6e3ba0-76b2-475a-b3bf-3f38d6625e87,11951,-0.75,SUPPLY
9c6e3ba0-76b2-475a-b3bf-3f38d6625e87,2552,-0.5,SUPPLY
9c6e3ba0-76b2-475a-b3bf-3f38d6625e87,561,-12.0,SUPPLY
9c6e3ba0-76b2-475a-b3bf-3f38d6625e87,13441,4.0,LOOT
9c6e3ba0-76b2-475a-b3bf-3f38d6625e87,4697,-63.0,SUPPLY
9c6e3ba0-76b2-475a-b3bf-3f38d6625e87,19681,1.0,LOOT
9c6e3ba0-76b2-475a-b3bf-3f38d6625e87,830,150.0,LOOT
