rebalance_date,item_id,weight,rank,status,item_name
2026-03-02,451,0.005476975660686677,92.0,ADD,Runite ore
2026-03-02,565,0.0054813650613344195,91.0,ADD,Blood rune
2026-03-02,1391,0.006765025257574887,73.0,ADD,Battlestaff
2026-03-02,1397,0.005647955161427031,87.0,ADD,Air battlestaff
2026-03-02,2363,0.0071021870820580394,66.0,ADD,Runite bar
2026-03-02,2434,0.0055898015992686826,89.0,ADD,Prayer potion(4)
2026-03-02,3024,0.005000384160438537,99.0,ADD,Super restore(4)
2026-03-02,6737,0.004979691178385555,100.0,ADD,Berserker ring
2026-03-02,8782,0.005130516219275912,96.0,ADD,Mahogany plank
2026-03-02,11785,0.008624445794299336,47.0,ADD,Armadyl crossbow
2026-03-02,11802,0.006176891264997928,81.0,ADD,Armadyl godsword
2026-03-02,11804,0.008460613853019106,51.0,ADD,Bandos godsword
2026-03-02,11806,0.006994833419277014,70.0,ADD,Saradomin godsword
2026-03-02,11832,0.011070416007692974,33.0,ADD,Bandos chestplate
2026-03-02,11834,0.009538624048608809,44.0,ADD,Bandos tassets
2026-03-02,12817,0.016299824012589913,7.0,ADD,Elysian spirit shield
2026-03-02,12821,0.005690018360760903,85.0,ADD,Spectral spirit shield
2026-03-02,12825,0.00684729712571049,72.0,ADD,Arcane spirit shield
2026-03-02,12827,0.007373819699680667,64.0,ADD,Arcane sigil
2026-03-02,12924,0.007403771383088355,63.0,ADD,Toxic blowpipe (empty)
2026-03-02,13190,0.022888972451574723,4.0,ADD,Old school bond
2026-03-02,13237,0.008124440755260283,53.0,ADD,Pegasian boots
2026-03-02,13239,0.009809146213538946,41.0,ADD,Primordial boots
2026-03-02,13263,0.0062271896324182716,80.0,ADD,Abyssal bludgeon
2026-03-02,13576,0.007480513308836668,61.0,ADD,Dragon warhammer
2026-03-02,13652,0.011967564995238199,21.0,ADD,Dragon claws
2026-03-02,19544,0.008513414775115486,48.0,ADD,Tormented bracelet
2026-03-02,19547,0.00995776002755798,39.0,ADD,Necklace of anguish
2026-03-02,19550,0.007021317718801786,69.0,ADD,Ring of suffering
2026-03-02,19553,0.010132809430253877,38.0,ADD,Amulet of torture
2026-03-02,20997,0.03609575049838889,1.0,ADD,Twisted bow
2026-03-02,21000,0.007061464809741455,67.0,ADD,Twisted buckler
2026-03-02,21003,0.011437062401041575,30.0,ADD,Elder maul
2026-03-02,21006,0.0104896509636276,36.0,ADD,Kodai wand
2026-03-02,21012,0.010949662330442608,34.0,ADD,Dragon hunter crossbow
2026-03-02,21015,0.0051108724413284675,97.0,ADD,Dinh's bulwark
2026-03-02,21018,0.007599962604620161,58.0,ADD,Ancestral hat
2026-03-02,21021,0.011122365808926655,32.0,ADD,Ancestral robe top
2026-03-02,21024,0.009512888871696847,45.0,ADD,Ancestral robe bottom
2026-03-02,21034,0.005620060669727755,88.0,ADD,Dexterous prayer scroll
2026-03-02,21049,0.014031906513478186,13.0,ADD,Ancestral robes set
2026-03-02,22324,0.008302780624880846,52.0,ADD,Ghrazi rapier
2026-03-02,22438,0.006383645182637303,78.0,ADD,Justiciar armour set
2026-03-02,22477,0.006562283408700621,75.0,ADD,Avernic defender hilt
2026-03-02,22481,0.00661792716180428,74.0,ADD,Sanguinesti staff (uncharged)
2026-03-02,22486,0.032325490414522165,2.0,ADD,Scythe of vitur (uncharged)
2026-03-02,22978,0.014842307935353403,10.0,ADD,Dragon hunter lance
2026-03-02,23956,0.007723636896717917,56.0,ADD,Crystal armour seed
2026-03-02,24268,0.0074615313277995345,62.0,ADD,Basilisk jaw
2026-03-02,24417,0.011909053697185907,23.0,ADD,Inquisitor's mace
2026-03-02,24420,0.006348110053571318,79.0,ADD,Inquisitor's hauberk
2026-03-02,24421,0.006435973006726676,77.0,ADD,Inquisitor's plateskirt
2026-03-02,24422,0.007670297304994379,57.0,ADD,Nightmare staff
2026-03-02,24488,0.009712865802674133,43.0,ADD,Inquisitor's armour set
2026-03-02,24511,0.007234072265346452,65.0,ADD,Harmonised orb
2026-03-02,24517,0.007727772593723105,55.0,ADD,Eldritch orb
2026-03-02,24777,0.005537843921750064,90.0,ADD,Blood shard
2026-03-02,25859,0.006479015640353603,76.0,ADD,Enhanced crystal weapon seed
2026-03-02,25862,0.012847228533890713,17.0,ADD,Bow of faerdhinen (inactive)
2026-03-02,25975,0.005664610279488606,86.0,ADD,Lightbearer
2026-03-02,26219,0.011830543246909912,25.0,ADD,Osmumten's fang
2026-03-02,26235,0.010792173962603364,35.0,ADD,Zaryte vambraces
2026-03-02,26243,0.009254412058431076,46.0,ADD,Virtus robe top
2026-03-02,26245,0.007942426756531345,54.0,ADD,Virtus robe bottom
2026-03-02,26374,0.020638560089456897,5.0,ADD,Zaryte crossbow
2026-03-02,26382,0.011961622866357947,22.0,ADD,Torva full helm
2026-03-02,26384,0.011183047276927496,31.0,ADD,Torva platebody
2026-03-02,26386,0.009840365513479197,40.0,ADD,Torva platelegs
2026-03-02,27229,0.007498752452176182,60.0,ADD,Masori body
2026-03-02,27232,0.006170400409462424,82.0,ADD,Masori chaps
2026-03-02,27235,0.005389049270363359,93.0,ADD,Masori mask (f)
2026-03-02,27238,0.010144686020920555,37.0,ADD,Masori body (f)
2026-03-02,27241,0.008467531868596194,50.0,ADD,Masori chaps (f)
2026-03-02,27277,0.03193406878114784,3.0,ADD,Tumeken's shadow (uncharged)
2026-03-02,27355,0.011531904221125345,28.0,ADD,Masori armour set (f)
2026-03-02,27612,0.011500250889432543,29.0,ADD,Venator bow (uncharged)
2026-03-02,27641,0.012447817702715617,18.0,ADD,Saturated heart
2026-03-02,27652,0.00702884923557166,68.0,ADD,Webweaver bow (u)
2026-03-02,27690,0.014774624542931056,11.0,ADD,Voidwaker
2026-03-02,28307,0.0122637732587827,20.0,ADD,Ultor ring
2026-03-02,28310,0.006854047853193124,71.0,ADD,Venator ring
2026-03-02,28313,0.007554319639982471,59.0,ADD,Magus ring
2026-03-02,28316,0.005729784079905513,84.0,ADD,Bellator ring
2026-03-02,28338,0.015670546570419698,9.0,ADD,Soulreaper axe
2026-03-02,29577,0.005088875910416447,98.0,ADD,Burning claws
2026-03-02,29580,0.01170281180449245,27.0,ADD,Tormented synapse
2026-03-02,29625,0.005368670069310931,94.0,ADD,Armageddon weapon scroll
2026-03-02,29796,0.016162068324482772,8.0,ADD,Noxious halberd
2026-03-02,29801,0.014367449189464863,12.0,ADD,Amulet of rancour
2026-03-02,30070,0.005986230792180721,83.0,ADD,Dragon hunter wand
2026-03-02,30744,0.012442049562794813,19.0,ADD,Oathplate armour set
2026-03-02,30750,0.009712956775177828,42.0,ADD,Oathplate helm
2026-03-02,30753,0.011881285178020961,24.0,ADD,Oathplate chest
2026-03-02,30756,0.011760056257325936,26.0,ADD,Oathplate legs
2026-03-02,31088,0.017879085930430815,6.0,ADD,Avernic treads
2026-03-02,31106,0.013978710412590628,14.0,ADD,Confliction gauntlets
2026-03-02,31115,0.013467093968544909,16.0,ADD,Eye of ayak (uncharged)
2026-03-02,31136,0.005184791846881396,95.0,ADD,Blood moon armour set
2026-03-02,31145,0.013546985116858498,15.0,ADD,Torva armour set
2026-03-02,31148,0.008471640669689938,49.0,ADD,Virtus armour set
2026-04-01,451,0.0056278706888431874,87.0,HOLD,Runite ore
2026-04-01,565,0.00562472063396928,88.0,HOLD,Blood rune
2026-04-01,566,0.005314351523171029,92.0,ADD,Soul rune
2026-04-01,1391,0.006434910945628763,77.0,HOLD,Battlestaff
2026-04-01,1397,0.005306623725854536,93.0,HOLD,Air battlestaff
2026-04-01,2363,0.006945939624244083,68.0,HOLD,Runite bar
2026-04-01,2434,0.005365773887822214,91.0,HOLD,Prayer potion(4)
2026-04-01,8782,0.0051798461924857245,97.0,HOLD,Mahogany plank
2026-04-01,11785,0.008699981570493865,48.0,HOLD,Armadyl crossbow
2026-04-01,11802,0.005917361134677312,83.0,HOLD,Armadyl godsword
2026-04-01,11804,0.008731548328094656,47.0,HOLD,Bandos godsword
2026-04-01,11806,0.007184010400615519,65.0,HOLD,Saradomin godsword
2026-04-01,11832,0.01136778753777031,30.0,HOLD,Bandos chestplate
2026-04-01,11834,0.009768939437480754,41.0,HOLD,Bandos tassets
2026-04-01,12817,0.015216477703604243,9.0,HOLD,Elysian spirit shield
2026-04-01,12821,0.0057354990933707216,86.0,HOLD,Spectral spirit shield
2026-04-01,12825,0.006669442348640893,73.0,HOLD,Arcane spirit shield
2026-04-01,12827,0.007542559230561182,60.0,HOLD,Arcane sigil
2026-04-01,12924,0.007237543300638998,64.0,HOLD,Toxic blowpipe (empty)
2026-04-01,13190,0.021791905284388773,4.0,HOLD,Old school bond
2026-04-01,13237,0.008172138877856353,52.0,HOLD,Pegasian boots
2026-04-01,13239,0.009585916612715024,43.0,HOLD,Primordial boots
2026-04-01,13263,0.006507562317878372,76.0,HOLD,Abyssal bludgeon
2026-04-01,13576,0.007852317790197582,55.0,HOLD,Dragon warhammer
2026-04-01,13652,0.0118435802188738,27.0,HOLD,Dragon claws
2026-04-01,19544,0.008352276382671737,51.0,HOLD,Tormented bracelet
2026-04-01,19547,0.009607496690618925,42.0,HOLD,Necklace of anguish
2026-04-01,19550,0.00683023561138458,72.0,HOLD,Ring of suffering
2026-04-01,19553,0.009969915842181192,38.0,HOLD,Amulet of torture
2026-04-01,20997,0.03625656212755351,1.0,HOLD,Twisted bow
2026-04-01,21000,0.006831437818425254,71.0,HOLD,Twisted buckler
2026-04-01,21003,0.011364420551954552,31.0,HOLD,Elder maul
2026-04-01,21006,0.010065184511852704,37.0,HOLD,Kodai wand
2026-04-01,21012,0.01084895963963264,34.0,HOLD,Dragon hunter crossbow
2026-04-01,21015,0.004931986311216809,100.0,HOLD,Dinh's bulwark
2026-04-01,21018,0.007675826168062968,58.0,HOLD,Ancestral hat
2026-04-01,21021,0.010963052070902726,33.0,HOLD,Ancestral robe top
2026-04-01,21024,0.009324674796239878,45.0,HOLD,Ancestral robe bottom
2026-04-01,21034,0.0050967649131942305,98.0,HOLD,Dexterous prayer scroll
2026-04-01,21049,0.013799950280947328,15.0,HOLD,Ancestral robes set
2026-04-01,22324,0.008050739867228632,54.0,HOLD,Ghrazi rapier
2026-04-01,22438,0.0061743769386319765,81.0,HOLD,Justiciar armour set
2026-04-01,22477,0.006520526416114619,75.0,HOLD,Avernic defender hilt
2026-04-01,22481,0.006419350895504245,78.0,HOLD,Sanguinesti staff (uncharged)
2026-04-01,22486,0.0327139589305775,2.0,HOLD,Scythe of vitur (uncharged)
2026-04-01,22978,0.01512490297383376,10.0,HOLD,Dragon hunter lance
2026-04-01,23956,0.008055869687915957,53.0,HOLD,Crystal armour seed
2026-04-01,24268,0.007655931893556009,59.0,HOLD,Basilisk jaw
2026-04-01,24417,0.012385614540011518,22.0,HOLD,Inquisitor's mace
2026-04-01,24420,0.0063550967675039954,79.0,HOLD,Inquisitor's hauberk
2026-04-01,24421,0.006310250361282439,80.0,HOLD,Inquisitor's plateskirt
2026-04-01,24422,0.007304574127922167,63.0,HOLD,Nightmare staff
2026-04-01,24488,0.009504035991076833,44.0,HOLD,Inquisitor's armour set
2026-04-01,24511,0.006944088526221914,69.0,HOLD,Harmonised orb
2026-04-01,24517,0.007837162147150955,56.0,HOLD,Eldritch orb
2026-04-01,24777,0.005185627811668722,96.0,HOLD,Blood shard
2026-04-01,25859,0.006557154633148151,74.0,HOLD,Enhanced crystal weapon seed
2026-04-01,25862,0.013146727074846714,17.0,HOLD,Bow of faerdhinen (inactive)
2026-04-01,25975,0.005233749448829387,94.0,HOLD,Lightbearer
2026-04-01,26219,0.011857808568808949,26.0,HOLD,Osmumten's fang
2026-04-01,26235,0.01071248233456649,35.0,HOLD,Zaryte vambraces
2026-04-01,26243,0.009190776876100542,46.0,HOLD,Virtus robe top
2026-04-01,26245,0.007816974400031408,57.0,HOLD,Virtus robe bottom
2026-04-01,26372,0.005076558031494803,99.0,ADD,Nihil horn
2026-04-01,26374,0.020959543691775523,5.0,HOLD,Zaryte crossbow
2026-04-01,26382,0.012017169816347699,25.0,HOLD,Torva full helm
2026-04-01,26384,0.01116018017060065,32.0,HOLD,Torva platebody
2026-04-01,26386,0.009770722657361043,40.0,HOLD,Torva platelegs
2026-04-01,27229,0.007424990701844058,61.0,HOLD,Masori body
2026-04-01,27232,0.006133631281657994,82.0,HOLD,Masori chaps
2026-04-01,27235,0.005202328846897397,95.0,HOLD,Masori mask (f)
2026-04-01,27238,0.01016931757684631,36.0,HOLD,Masori body (f)
2026-04-01,27241,0.00851673667120045,49.0,HOLD,Masori chaps (f)
2026-04-01,27277,0.031879369701355374,3.0,HOLD,Tumeken's shadow (uncharged)
2026-04-01,27355,0.01138614251483702,29.0,HOLD,Masori armour set (f)
2026-04-01,27612,0.011391702067447912,28.0,HOLD,Venator bow (uncharged)
2026-04-01,27641,0.012456781500413421,20.0,HOLD,Saturated heart
2026-04-01,27652,0.0071224980053263805,66.0,HOLD,Webweaver bow (u)
2026-04-01,27690,0.014447358554285484,12.0,HOLD,Voidwaker
2026-04-01,28307,0.012408962130822588,21.0,HOLD,Ultor ring
2026-04-01,28310,0.006978961218692067,67.0,HOLD,Venator ring
2026-04-01,28313,0.007312671101888707,62.0,HOLD,Magus ring
2026-04-01,28316,0.005788247081099238,85.0,HOLD,Bellator ring
2026-04-01,28338,0.015676976044972934,8.0,HOLD,Soulreaper axe
2026-04-01,29577,0.005464167654040446,90.0,HOLD,Burning claws
2026-04-01,29580,0.013208130955769753,16.0,HOLD,Tormented synapse
2026-04-01,29625,0.006839493686427027,70.0,HOLD,Armageddon weapon scroll
2026-04-01,29796,0.016575092441016997,7.0,HOLD,Noxious halberd
2026-04-01,29801,0.014303505868759902,13.0,HOLD,Amulet of rancour
2026-04-01,30070,0.005824190909108172,84.0,HOLD,Dragon hunter wand
2026-04-01,30744,0.012488950607395383,19.0,HOLD,Oathplate armour set
2026-04-01,30750,0.009918163736828989,39.0,HOLD,Oathplate helm
2026-04-01,30753,0.012107487612927147,23.0,HOLD,Oathplate chest
2026-04-01,30756,0.012026324246100072,24.0,HOLD,Oathplate legs
2026-04-01,31088,0.018140735634334423,6.0,HOLD,Avernic treads
2026-04-01,31106,0.01450661365726104,11.0,HOLD,Confliction gauntlets
2026-04-01,31115,0.014015398512380414,14.0,HOLD,Eye of ayak (uncharged)
2026-04-01,31136,0.005471281808353957,89.0,HOLD,Blood moon armour set
2026-04-01,31145,0.012826945619673534,18.0,HOLD,Torva armour set
2026-04-01,31148,0.008401534343206401,50.0,HOLD,Virtus armour set
2026-04-01,3024,0.0,,DROP,Super restore(4)
2026-04-01,6737,0.0,,DROP,Berserker ring
2026-05-01,451,0.0058996801408641225,83.0,HOLD,Runite ore
2026-05-01,565,0.005954807239338017,81.0,HOLD,Blood rune
2026-05-01,566,0.005442351604572084,89.0,HOLD,Soul rune
2026-05-01,1391,0.006365560458161417,76.0,HOLD,Battlestaff
2026-05-01,1397,0.005313852525811856,93.0,HOLD,Air battlestaff
2026-05-01,2363,0.007049863287649227,67.0,HOLD,Runite bar
2026-05-01,2434,0.0054552682620099,88.0,HOLD,Prayer potion(4)
2026-05-01,8782,0.005388447237288501,91.0,HOLD,Mahogany plank
2026-05-01,11785,0.008666298648468164,48.0,HOLD,Armadyl crossbow
2026-05-01,11802,0.005918517957364225,82.0,HOLD,Armadyl godsword
2026-05-01,11804,0.008785532592748954,47.0,HOLD,Bandos godsword
2026-05-01,11806,0.007185343847474781,64.0,HOLD,Saradomin godsword
2026-05-01,11832,0.011039516237734168,32.0,HOLD,Bandos chestplate
2026-05-01,11834,0.009511823131725893,44.0,HOLD,Bandos tassets
2026-05-01,12817,0.015407967859758284,9.0,HOLD,Elysian spirit shield
2026-05-01,12821,0.005697428704139733,85.0,HOLD,Spectral spirit shield
2026-05-01,12825,0.006471751469408129,75.0,HOLD,Arcane spirit shield
2026-05-01,12827,0.007711193174268746,56.0,HOLD,Arcane sigil
2026-05-01,12924,0.0073026898675118,63.0,HOLD,Toxic blowpipe (empty)
2026-05-01,13190,0.022388719533971865,4.0,HOLD,Old school bond
2026-05-01,13237,0.008472919043247788,49.0,HOLD,Pegasian boots
2026-05-01,13239,0.009673056368900913,41.0,HOLD,Primordial boots
2026-05-01,13263,0.006521410167747684,73.0,HOLD,Abyssal bludgeon
2026-05-01,13576,0.008058039702326929,54.0,HOLD,Dragon warhammer
2026-05-01,13652,0.011667940984468897,26.0,HOLD,Dragon claws
2026-05-01,19544,0.00824006264306513,52.0,HOLD,Tormented bracelet
2026-05-01,19547,0.009530968432007238,43.0,HOLD,Necklace of anguish
2026-05-01,19550,0.0067190423067976755,71.0,HOLD,Ring of suffering
2026-05-01,19553,0.00991216003813462,37.0,HOLD,Amulet of torture
2026-05-01,20997,0.037143850887368476,1.0,HOLD,Twisted bow
2026-05-01,21000,0.006740667995137211,70.0,HOLD,Twisted buckler
2026-05-01,21003,0.011633587536911112,27.0,HOLD,Elder maul
2026-05-01,21006,0.009795833547426348,39.0,HOLD,Kodai wand
2026-05-01,21012,0.010771523687163538,34.0,HOLD,Dragon hunter crossbow
2026-05-01,21015,0.004927871079323721,100.0,HOLD,Dinh's bulwark
2026-05-01,21018,0.007641653667964661,58.0,HOLD,Ancestral hat
2026-05-01,21021,0.010804879566361374,33.0,HOLD,Ancestral robe top
2026-05-01,21024,0.009224701107122686,45.0,HOLD,Ancestral robe bottom
2026-05-01,21049,0.013829367385514253,15.0,HOLD,Ancestral robes set
2026-05-01,22324,0.007706233683272476,57.0,HOLD,Ghrazi rapier
2026-05-01,22438,0.005880712486861182,84.0,HOLD,Justiciar armour set
2026-05-01,22477,0.006685816851801135,72.0,HOLD,Avernic defender hilt
2026-05-01,22481,0.00634145352908356,77.0,HOLD,Sanguinesti staff (uncharged)
2026-05-01,22486,0.033282033951251434,2.0,HOLD,Scythe of vitur (uncharged)
2026-05-01,22978,0.014914612477888778,10.0,HOLD,Dragon hunter lance
2026-05-01,23956,0.008147658759339657,53.0,HOLD,Crystal armour seed
2026-05-01,24268,0.007627392407821122,59.0,HOLD,Basilisk jaw
2026-05-01,24417,0.012585016942138372,20.0,HOLD,Inquisitor's mace
2026-05-01,24420,0.00629440010399393,78.0,HOLD,Inquisitor's hauberk
2026-05-01,24421,0.006240648826124465,79.0,HOLD,Inquisitor's plateskirt
2026-05-01,24422,0.006931068297220472,69.0,HOLD,Nightmare staff
2026-05-01,24488,0.009600472372633208,42.0,HOLD,Inquisitor's armour set
2026-05-01,24511,0.007007203792228295,68.0,HOLD,Harmonised orb
2026-05-01,24517,0.00804921969377772,55.0,HOLD,Eldritch orb
2026-05-01,24777,0.005136149950742907,96.0,HOLD,Blood shard
2026-05-01,25859,0.006494488123523306,74.0,HOLD,Enhanced crystal weapon seed
2026-05-01,25862,0.013088337728995694,17.0,HOLD,Bow of faerdhinen (inactive)
2026-05-01,25975,0.005114756879304928,97.0,HOLD,Lightbearer
2026-05-01,26219,0.011484081748996709,28.0,HOLD,Osmumten's fang
2026-05-01,26233,0.005047326214411406,98.0,ADD,Ancient godsword
2026-05-01,26235,0.01072615154621802,35.0,HOLD,Zaryte vambraces
2026-05-01,26243,0.00905125302495021,46.0,HOLD,Virtus robe top
2026-05-01,26245,0.0075463932029969545,60.0,HOLD,Virtus robe bottom
2026-05-01,26372,0.005182256458857095,94.0,HOLD,Nihil horn
2026-05-01,26374,0.02115222518274381,5.0,HOLD,Zaryte crossbow
2026-05-01,26382,0.012134101891122885,23.0,HOLD,Torva full helm
2026-05-01,26384,0.011210653258601613,31.0,HOLD,Torva platebody
2026-05-01,26386,0.009696560366142967,40.0,HOLD,Torva platelegs
2026-05-01,27229,0.007443157734911706,61.0,HOLD,Masori body
2026-05-01,27232,0.006148399052207412,80.0,HOLD,Masori chaps
2026-05-01,27235,0.005030279833912691,99.0,HOLD,Masori mask (f)
2026-05-01,27238,0.010188189780567973,36.0,HOLD,Masori body (f)
2026-05-01,27241,0.00843834338394811,50.0,HOLD,Masori chaps (f)
2026-05-01,27277,0.0327888573961887,3.0,HOLD,Tumeken's shadow (uncharged)
2026-05-01,27355,0.011452693916186299,29.0,HOLD,Masori armour set (f)
2026-05-01,27612,0.011302977657507058,30.0,HOLD,Venator bow (uncharged)
2026-05-01,27641,0.012504723015176394,22.0,HOLD,Saturated heart
2026-05-01,27652,0.007341234163161517,62.0,HOLD,Webweaver bow (u)
2026-05-01,27690,0.014217823250350287,13.0,HOLD,Voidwaker
2026-05-01,28307,0.012691928216608656,19.0,HOLD,Ultor ring
2026-05-01,28310,0.0070627785117920025,66.0,HOLD,Venator ring
2026-05-01,28313,0.007180636031979671,65.0,HOLD,Magus ring
2026-05-01,28316,0.005688419418897614,86.0,HOLD,Bellator ring
2026-05-01,28338,0.015507102335598854,8.0,HOLD,Soulreaper axe
2026-05-01,29577,0.005378835381214218,92.0,HOLD,Burning claws
2026-05-01,29580,0.013724071053773188,16.0,HOLD,Tormented synapse
2026-05-01,29625,0.005163027353435068,95.0,HOLD,Armageddon weapon scroll
2026-05-01,29796,0.016427915391466267,7.0,HOLD,Noxious halberd
2026-05-01,29801,0.014375023045628866,12.0,HOLD,Amulet of rancour
2026-05-01,30070,0.005590950340644495,87.0,HOLD,Dragon hunter wand
2026-05-01,30744,0.012562375667768974,21.0,HOLD,Oathplate armour set
2026-05-01,30750,0.00987572830100861,38.0,HOLD,Oathplate helm
2026-05-01,30753,0.011930991142386925,24.0,HOLD,Oathplate chest
2026-05-01,30756,0.011881915399710148,25.0,HOLD,Oathplate legs
2026-05-01,31088,0.01828924790445987,6.0,HOLD,Avernic treads
2026-05-01,31106,0.014510435787429974,11.0,HOLD,Confliction gauntlets
2026-05-01,31115,0.014013872806500256,14.0,HOLD,Eye of ayak (uncharged)
2026-05-01,31136,0.005397338978271848,90.0,HOLD,Blood moon armour set
2026-05-01,31145,0.013018095441889123,18.0,HOLD,Torva armour set
2026-05-01,31148,0.008247802625113024,51.0,HOLD,Virtus armour set
2026-05-01,21034,0.0,,DROP,Dexterous prayer scroll
