item_id,avgHighPrice,highPriceVolume,avgLowPrice,lowPriceVolume
2,224,1481122,210,177123
6,193740,14,187055,37
8,196337,9,187463,37
10,169591,9,163753,39
12,193725,7,180955,42
28,347,15,400,1
30,948,63,0,0
36,147,337,0,0
39,2,121,2,4972
40,7,6972,3,7920
41,20,62134,19,9906
42,42,7090,41,3895
43,101,1124,108,15072
44,328,267,317,1761
45,75,5037,67,1329
46,12,1230,11,214
48,17,629,7,2517
50,10,156,11,342
52,1,238480,0,0
53,15,129538,14,63279
54,38,504,14,698
56,36,1,35,1610
58,98,9448,89,85
60,35,112,35,1
62,110,10302,104,2879
64,96,5136,79,4280
66,304,118622,292,90370
68,369,4340,325,431
70,1112,11425,1100,13648
72,823,794,822,1646
91,447,2566,447,140
93,289,15,288,1
95,395,1218,378,4
97,708,5132,668,2635
99,5544,41284,5508,17762
101,2727,10020,2637,783
103,3496,22954,3446,2819
105,4053,14687,4006,6239
107,3649,1511,3543,202
109,3572,12931,3569,2846
111,4366,525,4161,53
113,75,1756,74,236
115,47,135,50,2011
117,15,1,15,2
119,0,0,18,5
121,8,29,6,1590
123,2,11,0,0
127,0,0,52,41
133,0,0,318,417
135,0,0,260,1
139,5799,5601,5786,20002
141,3978,2,3819,172
143,0,0,1920,318
145,1672,1,1720,4729
147,0,0,1101,87
149,564,1,592,23
151,39,1,29,1998
153,0,0,81,2
157,4001,24638,3946,10148
159,2581,49,2581,213
161,1270,3,1270,103
163,3133,6300,3060,2887
165,0,0,2006,196
167,0,0,960,6
169,4009,3539,4023,8178
171,2748,101,2398,917
173,1310,4,1206,583
175,85,2097,43,1
177,160,51,0,0
179,90,41,57,5
181,2105,12,2020,1085
183,0,0,1200,6
185,0,0,550,4
187,327,130,192,5
189,0,0,366,1343
199,526,626,647,1292
201,0,0,233,708
203,175,9429,178,11978
205,543,23203,530,21717
207,5339,24533,5206,21720
209,2455,3992,2399,6327
211,3257,4423,3197,12877
213,3819,695,3754,10236
215,0,0,3321,15778
217,3420,1973,3301,7355
219,3992,171,3912,11264
221,4,9731,3,5455
223,130,47698,126,72199
225,278,58705,267,22664
227,5,21408,5,55736
229,2,23690,3,29530
231,412,55135,406,12525
233,74,50,68,4
235,210,4767,208,403
237,137,3,141,2378
239,290,5660,285,4608
241,73,14001,0,0
243,16,522,12,6
245,877,18124,851,24623
247,261,89,242,451
249,377,13554,365,1550
251,215,389,202,3754
253,239,28774,233,6099
255,577,29592,559,3758
257,5318,977,5339,18764
259,2524,4975,2484,6979
261,3288,574,3378,7602
263,3910,782,3865,2665
265,3375,10,3337,885
267,3396,8,3309,2332
269,4097,11502,4040,6496
272,657,1,0,0
273,1443,1,888,2
288,496,116,347,14
299,708,300,699,279
301,104,85,80,1
303,99,199,27,4
305,71,3,56,5
307,80,181,71,5
309,84,24,0,0
311,49,3,48,9
313,5,19519,4,148918
314,3,877805,2,15489
315,30,3272,21,1673
317,31,2334,27,5825
319,46,51,44,180
321,23,30,22,511
325,22,7,20,119
327,58,557,57,78
329,62,8763,51,19027
331,89,11433,83,6807
333,40,7120,36,3028
335,88,12481,81,2997
339,34,112,31,586
341,197,41,58,5
345,92,140,91,1079
347,55,42,54,132
349,133,321,128,1275
351,230,1045,227,1476
353,116,90,55,643
355,32,96,32,177
359,95,10867,93,5691
361,117,9021,111,19291
363,19,388,18,9099
365,159,23840,145,206
371,203,40468,200,11876
373,344,19431,332,20544
377,138,48792,135,15021
379,195,54268,188,72815
383,483,64423,472,64426
385,736,136433,715,86531
389,2551,25783,2541,9846
391,3099,16776,3041,16202
395,850,200,864,3572
397,1347,4372,1277,1433
401,7,2324,7,3954
403,50,2,40,10
405,0,0,778,7
407,21,3,20,2
411,38,539,38,24
413,648,5093,549,10
426,169,3,44,3
428,0,0,7,11
434,146,1135,138,4
436,12,13077,12,18282
438,12,13274,11,103
440,92,131108,88,69589
442,40,3461,40,27800
444,100,133298,99,215986
447,99,13852,100,60149
449,621,39557,602,56686
451,10117,11928,10049,18481
453,206,541006,199,268529
464,251,20,250,19
526,33,8328,33,6493
528,351,1,0,0
530,599,20,516,9
532,282,7285,270,4231
534,647,101,582,769
536,1499,98863,1476,46758
540,0,0,2786,1
542,543,266,484,216
544,610,340,570,158
546,400,1,0,0
554,5,2213868,4,195304
555,5,1383474,4,280163
556,6,2142145,5,220292
557,5,1001499,4,24137
558,3,228924,2,12100
559,5,67777,5,26595
560,118,967821,115,503950
561,86,495508,84,237617
562,58,682447,56,577469
563,114,635241,105,2282039
564,73,465252,71,106706
565,206,1325682,202,365393
566,347,390911,337,207267
567,59,7583,55,1325
569,792,4781,779,2635
571,659,9098,673,6328
573,888,18372,862,18723
575,647,3336,638,12992
577,1330,50,1207,8
579,424,34,400,68
581,912,13,895,6
590,3,246,25,1789
592,61,136,60,674
596,20,42,20,1
626,3700,3,2408,51
628,500,1,0,0
630,2200,8,0,0
632,0,0,1172,36
634,0,0,333,1
636,946,1,0,0
638,1523,11,1513,2
642,0,0,1115,50
644,1615,5,0,0
648,1185,4,1185,1
650,843,2,0,0
652,0,0,3300,5
656,0,0,165,1
658,1165,2,1056,1
660,2400,1,1079,12
662,2999,1,1838,57
751,40000,2,40000,4
753,68,727,68,2
803,0,0,23,2
805,200,948,199,263
806,8,1598,11,4518
807,20,11196,16,27160
808,5,23323,4,10884
809,17,174339,14,99352
810,88,218665,85,131613
811,193,67369,180,43302
816,74,272,0,0
817,0,0,160,188
819,43,4000,40,2000
820,83,1580,67,2830
821,70,28522,66,15669
822,105,96286,103,23801
823,194,138473,189,83723
824,1165,14864,1127,8560
825,5,105,0,0
828,12,3,0,0
829,66,954,59,360
830,115,17783,104,12263
837,1400,1,326,2
839,24,6,16,338
841,54,12,48,7
843,45,13,44,7
845,70,9623,64,2
847,104,713,94,3133
849,96,33,85,7
851,282,23354,281,25807
853,206,540,202,1668
855,484,114501,471,5548
857,383,9,387,47
859,1277,11029,1274,41256
861,894,489,883,1436
863,24,24575,21,7652
864,20,4542,10,3027
865,58,2864,35,3985
866,0,0,151,72
867,0,0,487,1147
868,118,40406,112,22812
869,37,702,43,98
877,3,6290,3,4203
879,35,100,31,101
880,33,259,36,8000
881,64,6250,0,0
882,5,40143,4,13279
884,6,90001,5,43562
886,25,74221,25,15917
888,16,76360,16,61866
890,81,200620,77,26586
891,0,0,180,10
892,193,329067,187,244573
946,17,857,15,16
948,86,25,0,0
950,21,204,20,386
952,113,210,96,5
954,30,1299,21,1271
958,12,10,11,217
960,174,4395,169,12935
962,107205,37,105875,57
970,48,92,49,13104
973,191,114,144,142
975,789,15,906,2
981,20000,8,0,0
983,472,22,0,0
985,9427,258,9487,185
987,9227,65,9313,290
989,20549,381,20117,791
991,6464,8,6070,18
993,0,0,24219,9
1005,77,4,69,11
1007,87,7,85,6
1009,0,0,100,8
1011,236,11,132,1
1013,99,5,0,0
1015,15,2,12,2
1017,363,10,351,66
1019,520,1,546,24
1021,925,4,497,57
1023,239,1,0,0
1025,35,6,0,0
1027,1500,1,1109,9
1031,299,1,649,3
1033,4309,42,3415,64
1035,1049,39,610,19
1038,6495,2,7261,58
1040,5206,42,4961,33
1042,19883,11,14323,90
1044,7091,10,8024,50
1046,7130,4,7682,58
1048,13283,16,13448,61
1050,18739,46,16805,46
1053,0,0,8544,11
1055,7435,5,7267,7
1057,0,0,10075,14
1059,8,350,7,177
1061,28,58,58,106
1063,2,83,3,61
1065,1322,52,1282,6
1067,153,3,112,7
1069,470,32,424,18
1071,1289,173,1271,154
1073,3687,279,3581,565
1075,58,5,0,0
1077,1696,32,1637,19
1079,38011,765,37946,2268
1081,110,1,61,73
1083,567,5,372,50
1085,1750,17,1502,165
1087,110,98,0,0
1089,2266,1,2272,9
1091,4192,6,3776,5
1093,38098,979,38014,613
1095,11,793,11,423
1097,306,23,270,308
1099,2279,200,2122,62
1101,172,29,100,318
1103,200,1,75,28
1105,257,77,147,375
1107,5555,1,4694,20
1109,1202,13,1080,327
1111,2500,26,2551,79
1113,29918,172,29701,1579
1115,68,38,70,682
1117,12,1,13,11
1119,911,514,899,1611
1121,2871,1214,2829,5147
1123,9450,1819,9460,3420
1125,5267,33,4568,60
1127,38512,887,38498,2084
1129,11,127,5,587
1131,12,201,10,1506
1133,376,12,350,6
1135,4178,15819,4162,8322
1137,30,3,10,1
1139,55,79,73,1
1141,490,11,88,20
1143,219,381,115,2
1145,1063,10,913,6
1147,10721,382,10920,1997
1149,58698,118,58472,253
1151,700,7,500,8
1153,5,82,20,55
1155,30,4,0,0
1157,156,45,160,7
1159,1054,39,801,283
1161,1838,40,1841,307
1163,20610,584,20617,2382
1165,493,197,421,15
1167,1,331,4,231
1169,39,152,24,325
1171,76,2,75,4
1173,26,5,35,81
1177,293,3,190,1
1179,394,7,411,122
1181,0,0,800,1201
1183,2376,12,2116,3
1185,22693,46,22507,1055
1187,308978,5,300000,4
1189,44,2,0,0
1191,148,2,74,100
1193,550,4,481,10
1195,866,1,967,4
1197,1124,689,1082,2564
1199,3161,252,2916,182
1201,32107,357,32034,1672
1203,81,3,59,86
1205,87,126,81,30
1207,119,7,106,24
1209,0,0,112,9
1211,366,4,312,27
1213,4764,134,4408,797
1215,17478,43,17508,880
1217,377,14,325,3
1227,0,0,50,1
1231,28733,1,0,0
1237,41,9,41,4
1239,598,10,0,0
1243,471,1,249,2
1245,799,1,799,3
1247,14617,27,11823,90
1249,37974,20,36546,65
1263,80000,1,0,0
1265,50,12,19,35
1267,322,29,221,11
1269,1203,4,1113,22
1271,1504,38,1483,41
1273,504,58,373,286
1275,18602,169,18540,1217
1277,380,4,73,9
1279,255,1,117,121
1281,398,9,121,2
1283,253,2,256,6
1285,258,185,0,0
1287,1025,5,910,2
1289,11676,87,11871,1447
1291,5000,1,0,0
1293,0,0,51,2
1295,134,12,96,5
1297,413,2,425,18
1299,420,106,513,138
1301,1646,99,1536,85
1303,18589,607,18691,2708
1305,59257,103,59177,524
1307,320,1,0,0
1309,40,7,0,0
1311,362,5,362,6
1313,1349,3,942,2
1315,1307,6,1257,45
1317,3635,27,3565,218
1319,38166,115,38053,572
1321,178,6,84,1
1323,92,26,105,44
1325,104,15,101,9
1327,2243,23,2146,4
1329,382,22,383,491
1331,1637,23,1563,26
1333,15112,866,15019,1006
1335,25,2,11,164
1339,150,395,150,253
1343,850,195,867,171
1345,3497,13,2382,4
1347,24399,1114,24431,2315
1349,62,47,40,18
1351,47,114,46,15
1353,191,39,113,226
1355,783,81,294,49
1357,583,66,497,97
1359,7678,51,7389,436
1361,1376,16,831,45
1363,0,0,51,5
1365,135,70,271,80
1367,0,0,495,22
1369,717,363,619,364
1371,2031,223,2136,50
1373,24383,82,24300,1912
1377,133666,21,125127,76
1379,36,7,0,0
1381,2349,30,2288,61
1383,1739,21,1632,56
1385,1999,4,930,17
1387,1792,28,1587,162
1389,184,1,164,4
1391,8151,23679,8102,40661
1393,9021,1512,8923,4255
1395,8955,3383,8958,4496
1397,8978,16454,8986,39038
1399,8999,7208,8980,1762
1401,25062,202,25030,415
1403,0,0,25334,113
1405,25207,40,25180,714
1407,25392,4,25297,948
1420,15,2,14,2
1422,0,0,125,2
1424,13,12,0,0
1426,785000,1,0,0
1428,78,396,4,124
1430,658,1,1065,14
1432,8076,678,8048,2072
1434,29547,11,29453,239
1436,12,11452,11,14879
1438,219,23,159,558
1440,1404,2124,1343,3720
1442,1699,9,1627,72
1444,247,19,244,576
1446,1754,1,1736,95
1448,2413,100,2293,127
1450,133000,1,0,0
1452,174,4,153,25
1454,0,0,183,134
1456,2047,14,2000,7
1462,200,2,177,108
1464,21,1,0,0
1470,3070,19,3049,8
1472,3347,20,3057,20
1474,3333,100,2500,1
1476,2615,15,2509,4
1478,7482,5,2898,9
1511,37,13476,35,63117
1513,1021,68178,995,54671
1515,192,196461,185,65947
1517,27,144845,28,98143
1519,60,11252,58,25735
1521,28,10301,27,9277
1523,399,1568,160,378
1539,22,81508,20,12896
1540,188,53,91,685
1550,20,88,20,3
1552,615,8,703,3
1573,162,9,0,0
1592,606,13,632,2
1595,469,7,176,1
1597,1422,14,996,9
1601,1626,22255,1598,36038
1603,824,34473,804,6891
1605,446,4356,436,30597
1607,221,12837,211,17926
1609,299,4794,299,422
1611,355,6432,354,16325
1613,4364,9525,4342,323
1615,11099,3525,10937,4177
1617,2368,15666,2318,14436
1619,1109,24357,1107,42576
1621,482,37176,466,8175
1623,369,59095,357,26469
1625,99,653,86,1801
1627,115,10001,111,1642
1629,3992,217,3642,4722
1631,14559,169,14319,4063
1635,146,4163,154,1536
1637,473,180,479,1141
1639,784,4643,721,1037
1641,1168,976,1130,304
1643,1975,3,1973,442
1645,11666,2,11995,1581
1654,173,17017,162,2389
1656,518,12239,514,575
1658,725,431,717,464
1660,1156,2673,1149,15210
1662,2018,18056,2001,10883
1664,11692,7,11250,18
1673,157,503,157,1616
1677,0,0,608,1
1679,0,0,1093,10
1683,0,0,11400,1
1692,0,0,136,33
1694,490,17,454,229
1696,623,1,616,113
1698,1230,18,1168,51
1700,2061,16,2061,56
1702,11766,105,11291,618
1704,12598,1259,12299,4994
1712,12207,741,11858,133
1716,49,501,0,0
1718,599,29,563,5
1724,184,2,184,16
1725,1215,42,1313,375
1727,599,53,509,25
1729,689,25,534,2
1731,2176,54,2074,62
1733,20,140,13,12
1734,8,29482,7,11775
1735,69,3,51,4
1737,14,13,11,26252
1739,178,1063,167,5296
1741,286,2944,276,4331
1743,292,1229,216,113
1745,1349,84605,1312,17207
1747,2865,542,2811,7649
1749,2037,6937,2027,34578
1751,1650,3834,1627,8623
1753,1190,37164,1151,71612
1755,90,120,82,3
1757,99,15,96,2
1759,46,9539,41,4812
1761,173,32288,168,24868
1763,202,82,202,4
1765,976,85,597,10
1767,292,117,0,0
1769,696,48,696,1
1771,404,10,0,0
1773,460,34,408,1
1775,124,49806,116,115957
1777,69,50679,69,32066
1779,2,111582,2,101696
1781,0,0,12,5
1783,13,76166,13,81164
1785,94,88,2,1
1791,204,18,0,0
1794,418,185,438,61
1823,46,6853,50,9
1831,9,20015,7,17
1833,261,38,247,4
1835,271,30,15,2
1837,259,25,0,0
1854,20,1537,0,0
1885,585,6,550,10
1887,66,17,65,2
1891,229,137,220,5110
1897,0,0,252,161
1905,145,413,0,0
1907,190,22,0,0
1909,307,15,300,1
1913,123,108,0,0
1917,90,56,90,37
1919,45,260,39,2445
1921,28,50,0,0
1923,11,238,10,336
1925,7,19272,7,18423
1927,44,98,43,2
1929,37,328,35,27
1931,54,42722,44,11958
1933,113,45,0,0
1935,2,19318,2,68
1937,21,216902,21,87655
1939,1,92752,0,0
1941,27,74303,24,44072
1942,23,2212,22,22
1944,29,69,30,21
1947,8,13168,4,25884
1949,307,317,303,17
1951,60,514,60,513
1953,169,142,0,0
1955,73,2099,73,148
1957,15,54706,12,2
1959,9894,13,0,0
1961,7769,7,0,0
1963,43,4640,42,29
1965,16,34,17,40
1969,41,2,10,4
1971,76,15,79,22
1973,36,431,34,439
1975,54,14853,49,1110
1978,179,2053,177,1
1980,5,26084,4,1
1982,22,214,22,51
1985,46,13596,45,1004
1987,97,176437,94,249431
1989,15995,8,0,0
1993,4,146649,3,82133
2003,52,2052,51,625
2007,41,60,40,1118
2011,332,94,332,283
2015,220,31,0,0
2017,0,0,111,1
2019,0,0,288,1
2025,0,0,50,5
2026,172,1,0,0
2028,941,55,959,2
2074,0,0,1800,2
2084,2000,11,1750,1
2102,45,10,30,162
2108,71,120,71,501
2112,100,2,0,0
2114,87,3042,87,14884
2116,115,34,0,0
2118,0,0,19,2
2126,65,32,59,7
2128,453,16,237,1
2130,16,24,14,2
2132,46,191,48,10
2134,64,691,40,126
2136,190,20,190,31
2138,35,596,31,142
2140,55,100,27,2039
2142,99,219,89,819
2150,155,2,0,0
2152,569,20,496,13
2162,386,3,0,0
2164,496,1,0,0
2165,189,1,0,0
2166,16,81,0,0
2169,350,1,40,1
2171,21,3,10,100
2185,0,0,700,6
2187,1398,2,0,0
2217,5909,2,5100,1
2255,0,0,678,1
2289,374,75,336,23
2293,0,0,300,8
2297,473,2074,470,430
2301,584,2544,562,3347
2307,146,16,110,302
2309,72,212,56,289
2313,33,2025,32,191
2315,400,1573,382,3647
2321,0,0,1074,1000
2323,113,100,100,10
2325,546,103,338,17
2327,65,500,59,97
2337,5700,1,0,0
2341,5700,1,5000,1
2343,8445,2,8390,1
2347,25,51,61,73
2349,85,6353,82,3201
2351,241,42631,228,24094
2353,550,165943,537,45002
2355,150,9456,149,15433
2357,103,102678,103,111474
2359,817,81940,794,26356
2361,1855,11044,1817,19088
2363,12159,10130,12146,40265
2366,65422,1,65107,27
2368,799649,1,601951,1
2370,130,8,0,0
2428,13,45,10,160
2430,95,544,46,22
2432,900,23,0,0
2434,8112,56799,7991,27999
2436,2586,6891,2576,3396
2438,150,2,0,0
2440,5631,12620,5622,3252
2442,4384,8116,4381,2615
2444,5972,6320,5737,10996
2446,157,305,140,38
2448,3373,1096,2947,538
2450,999,824,615,78
2452,2598,957,2547,705
2454,1891,10,1570,1044
2456,0,0,805,8
2458,0,0,375,7
2460,599,1,0,0
2462,515,2,0,0
2464,900,2,0,0
2468,0,0,719,1
2470,66,1,0,0
2472,0,0,56,4
2474,73995,1,0,0
2476,0,0,7501,1
2481,2947,5022,2847,1077
2483,2763,2518,2687,1678
2485,2787,2666,2678,5542
2487,1966,44,1687,54
2489,2135,12,1717,133
2491,2602,25,2429,194
2493,2358,40,2046,218
2495,2688,85,2711,53
2497,6201,1229,5326,920
2499,5248,10,5165,2235
2501,6044,517,5937,3756
2503,7302,3011,7117,2193
2505,1790,14133,1738,4
2507,2223,22342,2193,13698
2509,3100,27068,3032,8773
2520,150,10,0,0
2522,150,10,0,0
2524,224,3,221,10
2526,319,9,0,0
2550,676,3434,667,1650
2552,716,23872,702,4516
2568,1059,49,1012,238
2570,1861,10,1780,13
2572,12557,2605,12552,5936
2577,25205020,4,24654347,13
2579,147614,23,127613,25
2581,1538701,12,1497205,6
2593,0,0,45193,1
2597,126528,1,120202,1
2603,0,0,2509,1
2607,0,0,9677,2
2609,0,0,2987,3
2611,4099,1,1751,4
2615,0,0,88500,3
2617,0,0,52003,2
2619,0,0,125000,1
2621,187212,3,178263,12
2623,65000,1,41241,3
2625,0,0,48800,2
2627,50196,1,49803,2
2629,74841,1,50512,7
2631,67738,2,55477,1
2633,12639,1,0,0
2637,0,0,42144,2
2641,11727,1,3800,4
2643,41517,2,40000,3
2647,1020,4,0,0
2651,37500,2,30000,2
2653,0,0,55378,1
2655,48132,3,43064,5
2657,704474,2,682715,2
2659,99999,3,76000,2
2661,0,0,72296,1
2663,59999,1,53516,7
2665,85000,1,78407,8
2667,0,0,76001,5
2669,0,0,50739,1
2671,0,0,43036,2
2673,0,0,53043,3
2675,45643,1,47842,1
2859,807,53,593,13
2861,122,3,101,24
2862,102,5,0,0
2865,0,0,83,4
2866,237,4119,201,382
2876,2297,36,2249,33
2878,65,1,65,7
2890,935,9,0,0
2894,1370,12,441,9
2902,874,2,0,0
2904,1899,5,1608,8
2906,1156,1,0,0
2908,973,1,0,0
2910,1492,21,1352,9
2912,1224,1,0,0
2914,1582,2,1034,1
2920,0,0,1000,1
2922,1695,1,0,0
2924,1001,1,0,0
2926,526,1,0,0
2928,378,1,0,0
2932,574,1,0,0
2934,1498,1,0,0
2940,3000,1,0,0
2942,1134,3,0,0
2961,200,25,0,0
2970,270,41402,264,19673
2972,526,2,0,0
2974,3304,1,0,0
2998,3051,3669,3005,3490
3000,8530,5753,8507,11028
3002,3246,13191,3197,10434
3004,8848,4750,8890,3900
3008,105,2003,102,6282
3010,61,438,65,1298
3016,5377,8839,5295,2070
3018,3733,3,3739,11994
3020,0,0,2707,2
3022,0,0,1382,2
3024,11983,25901,11819,6031
3026,8564,346,8549,7857
3028,0,0,5701,96
3030,3026,1,2776,41
3032,423,51,0,0
3034,0,0,372,101
3036,0,0,155,1
3038,998,1,0,0
3040,235,2826,214,861
3042,144,600,0,0
3044,0,0,96,2
3049,2981,2379,2924,48914
3051,8542,2427,8508,9021
3053,9913,36,9748,38
3054,31298,3,25967,43
3095,0,0,461,1
3097,0,0,365,11
3098,0,0,21005,14
3101,0,0,6600,41
3105,752,553,654,175
3107,5690,7,0,0
3122,35013,13,32395,8
3125,1286,38,1042,4
3138,49,1779,37,7632
3140,573480,16,547932,19
3142,623,15014,603,40032
3144,788,24141,777,27731
3157,4898,4,0,0
3159,3000,1,0,0
3162,500,1,0,0
3183,520,4,491,3
3188,4995,1,0,0
3200,3876,3,3387,1
3202,42941,6,37769,141
3204,151904,4,149462,90
3211,189,52,163,14
3216,1215,2,850,5
3228,405,12,0,0
3239,132,919,105,8676
3325,1657,221,1533,1115
3329,300,1,0,0
3333,0,0,6790,2
3343,4508,3,4233,2
3345,317,2,0,0
3353,203,16,1078,1
3357,928,2,0,0
3361,5155,1,0,0
3363,527,61,181,2
3365,0,0,20,15
3367,2339,14,0,0
3369,824,11,0,0
3373,2300,10,0,0
3379,174,7,0,0
3381,28,1,0,0
3385,19362,1,16744,3
3387,52646,16,47286,7
3389,39411,14,37309,2
3391,2900,6,2739,2
3393,0,0,15853,2
3396,0,0,173,2
3404,5068,9,4800,13
3408,22,1011,0,0
3414,295,4,0,0
3420,272,371,263,20
3422,0,0,121,100
3430,2874,772,2945,203
3434,0,0,1250,1
3440,4999,100,0,0
3444,0,0,2000,1
3446,0,0,2581,7
3448,4402,18,3710,11
3470,12888,99,12216,8
3474,0,0,2963,2
3475,0,0,2956,1
3477,44410,1,42540,2
3478,0,0,38000,2
3479,0,0,38014,1
3480,0,0,39500,2
3481,0,0,11678682,1
3485,1326665,1,1317263,2
3488,0,0,10476865,1
3678,6800,15,6539,1
3749,40579,26,39961,65
3751,36862,183,35885,367
3753,38401,4,36938,79
3755,37598,22,37206,23
3761,0,0,5,1
3767,0,0,75,2
3779,222,1,0,0
3789,4997,1,0,0
3791,0,0,518,1
3797,0,0,3287,21
3799,117,1,0,0
3801,384,40,275,1
3827,1800,1,1583,8
3828,1856,4,1570,10
3829,1441,5,1102,3
3830,1429,4,1300,6
3831,5169,1,4839,8
3832,5999,5,5378,9
3833,7023,2,5759,6
3834,4690,8,4373,8
3835,1331,1,1088,3
3836,1098,2,1059,2
3837,1538,1,2061,9
3838,1458,1,1895,9
3853,755,6162,730,244
4012,159,45,150,4266
4014,762,216,400,3
4087,161386,169,161261,657
4089,15369,46,13003,69
4091,73268,49,71381,253
4093,47878,120,47143,278
4095,6515,53,5961,30
4097,6668,227,5727,354
4099,107999,1,99109,1
4101,72299,15,72222,28
4103,49761,14,47430,18
4105,5740,2,5229,1
4107,0,0,103555,2
4109,0,0,11280,10
4111,75000,2,70377,23
4113,54153,17,48590,10
4115,10079,2,10079,1
4117,14838,1,11979,3
4119,1083,1,0,0
4121,4367,3,4412,2
4125,826,2,464,12
4127,669,4,0,0
4129,1459,27,553,40
4131,8303,167,7332,156
4151,1479224,162,1447100,115
4153,224759,119,217350,52
4156,5503,4,4328,2
4161,26,954,0,0
4162,263,3,0,0
4164,509,7,200,1
4166,118,14,0,0
4168,686,8,0,0
4170,22259,10,0,0
4207,368825,10,359153,11
4298,402,25,184,8
4300,769,8,877,5
4302,286,21,229,10
4304,4500,32,3852,6
4306,3612,37,3012,7
4308,2403,46,2045,5
4310,4313,35,0,0
4315,3000,1,0,0
4319,0,0,3,1
4325,299,1,0,0
4333,0,0,445,1
4335,900,1,0,0
4339,654,1,0,0
4345,92,7,75,4
4353,512,1,0,0
4357,659,1,50,1
4359,0,0,660,49
4365,39,1,0,0
4367,0,0,1162,1
4379,0,0,406,1
4381,734,1,0,0
4393,62,1,0,0
4397,480,21,0,0
4403,1675,1,0,0
4405,73,6,0,0
4409,463,1,2173,2
4411,0,0,484,1
4413,0,0,744,2
4417,3325,2119,3182,32
4419,0,0,2193,1
4440,198,20,0,0
4456,73,16,0,0
4460,323,8720,0,0
4517,6495,20,4025,8
4525,0,0,3,1315
4527,0,0,6,152
4529,1082,8,0,0
4532,4000,1,0,0
4537,58,2,0,0
4540,0,0,98,10
4542,11,19390,12,15001
4544,743,1,555,3
4546,1300,2,0,0
4548,2464,153,2180,1
4551,1071,8,0,0
4580,0,0,3760,1
4585,161526,178,161474,382
4587,59989,68,59186,335
4600,175,2,0,0
4627,2994,39,2421,5
4668,155,10,0,0
4675,61241,124,59412,60
4684,2099,3,2001,5
4687,489,24,0,0
4694,89,124839,86,56792
4695,98,22138,92,47739
4696,8,189675,8,7999
4697,74,68824,75,38088
4698,83,73023,82,28948
4699,20,92099,18,232977
4708,313720,7,292260,15
4710,170967,16,167540,6
4712,2510072,12,2452609,11
4714,1922175,15,1872135,10
4716,366160,9,347040,3
4718,1793505,4,1785457,12
4720,821878,18,800704,5
4722,1049345,12,1036122,11
4724,98744,1,102594,12
4726,118513,6,99557,2
4728,218250,2,217851,3
4730,240000,2,235385,3
4732,88574,22,76926,7
4734,109993,5,96108,9
4736,1013728,19,987753,11
4738,578522,21,565624,10
4740,225,2907,221,10772
4745,123159,9,114204,3
4747,94969,3,94989,17
4749,325090,9,296951,9
4751,291931,5,291005,6
4753,113837,13,110980,4
4755,105993,3,0,0
4757,198951,1,183744,5
4759,312380,13,310667,6
4773,162,78,0,0
4778,152,300,0,0
4793,238,1128,142,92
4798,242,3873,239,2483
4803,1250,650,0,0
4812,0,0,407,4
4819,3,10826,2,10774
4820,6,6208,6,29162
4821,0,0,4567,20
4822,73,56068,75,72753
4823,116,35113,109,9201
4824,813,11181,791,9673
4827,2395,4,500,3
4832,0,0,7291,1
4834,0,0,37510,12
4842,752,279,821,16
4848,0,0,346,1
4860,0,0,245000,2
4866,0,0,107176,7
4872,0,0,2272469,7
4878,0,0,1804542,6
4884,340168,1,323915,43
4890,1619863,8,1592807,29
4896,727274,10,754722,28
4902,914883,1,943434,42
4914,0,0,58966,2
4932,0,0,30222,6
4938,0,0,95000,2
4944,0,0,870429,7
4950,0,0,480667,6
4968,0,0,223000,4
4974,0,0,225000,8
4980,0,0,65666,2
4986,0,0,94926,1
4992,166519,1,166519,3
4998,0,0,234373,6
5001,267,21,103,101
5014,5000,1,0,0
5016,0,0,168,2
5018,0,0,1000,2
5034,2700,1,0,0
5044,0,0,1289,1
5046,3500,1,0,0
5075,4960,151,4962,15964
5096,1,1120,1,601
5098,1,400,0,0
5099,9,247,6,12
5100,21,444,24,226
5101,1,35,0,0
5102,0,0,1,1200
5103,0,0,8,10
5104,1,29,4,13
5105,7,113,7,186
5106,19,301,18,87
5280,4,150,0,0
5281,30,57,21,4
5282,40,552,49,46
5283,28,328,26,235
5284,0,0,45,95
5285,44,110,35,71
5286,40,30,39,63
5287,75,4,75,116
5288,1766,287,1701,394
5289,18365,169,17695,597
5290,0,0,338,165
5291,5,620,3,6
5292,5,127,6,568
5293,5,1,11,109
5294,54,10,27,410
5295,15963,3778,15513,1282
5296,467,860,460,604
5297,200,299,138,318
5298,775,820,542,451
5299,1385,593,1044,834
5300,43560,1543,42619,1579
5301,2026,396,1685,238
5302,236,97,247,1026
5303,1117,524,1104,219
5304,10708,933,10220,752
5305,4,253,4,19
5306,5,5302,4,310
5307,5,8300,4,12
5308,5,1610,4,12
5309,1,2868,0,0
5310,0,0,2,1178
5311,1,6002,0,0
5312,152,227,113,539
5313,161,164,104,851
5314,2424,35,2392,806
5315,17360,57,16421,871
5316,77319,116,76001,658
5318,1,6179,0,0
5319,1,5088,0,0
5320,3,270,5,382
5321,35,2985,12,454
5322,1,7,1,600
5323,69,905,54,928
5324,1,166,0,0
5325,483,6,157,67
5329,939,49,226,23
5331,96,101,48,39
5341,209,61,190,53
5343,72,22,50,2
5345,10000,2,7001,1
5350,7,538,6,168
5354,3,5952,2,7770
5370,693,165,556,108
5371,1410,1090,966,185
5372,3626,1780,3583,179
5373,19264,1549,18648,492
5374,79592,840,78160,32
5376,1,176,1,50
5386,535,1185,0,0
5396,559,831,500,117
5406,421,103,404,9
5416,317,1435,312,508
5418,2,142,3,28
5438,885,19,0,0
5458,983,2,0,0
5478,600,3,0,0
5496,786,359,525,134
5497,223,146,200,86
5498,376,85,0,0
5499,1799,36,767,48
5500,361,218,97,95
5501,2882,834,2756,30
5502,21889,353,20662,1114
5503,997,518,0,0
5504,65,654,65,4733
5516,0,0,2811,5
5521,783,569,761,146
5523,256,7,5,1
5525,107,59,96,900
5527,1,152,2,1
5529,3,19,3,3
5531,1,2,0,0
5533,1,2,0,0
5535,6,4,5,1
5537,4,6,1,268
5539,340,6,200,13
5541,4,3,7,4
5543,292,3,0,0
5547,4014,5,3074,2
5574,3002,2,2907,58
5575,11632,13,11220,7
5576,12162,9,10501,262
5621,0,0,439,3
5625,0,0,2463,10
5626,0,0,52,1550
5641,0,0,806,128
5667,204,248,200,945
5678,0,0,4045,103
5680,18000,2,15983,6
5698,23809,161,22673,76
5730,53611,2,47944,2
5743,34976,5,0,0
5747,15193,9,14232,8
5751,336,10,0,0
5755,559,49,412,8
5757,48261,2,0,0
5759,0,0,42,18
5767,667,3,0,0
5801,0,0,55555,2
5817,19380,1,0,0
5931,136,12159,123,214
5933,2890,227,2750,29
5935,203,142,169,1152
5937,0,0,855,3
5940,3939,716,3473,865
5952,4344,1886,4277,6291
5954,0,0,2958,148
5956,0,0,2309,4
5958,0,0,1053,732
5968,342,224,136,294
5970,40,4770,33,1568
5972,1181,1803,1131,24232
5974,1752,15367,1702,15014
5980,81,157,81,66
5982,18,23333,17,9302
5984,97,2,95,13
5986,98,2686,84,1638
5992,0,0,1100,35
5994,371,206,0,0
5998,597,2926,582,2770
6004,207,65,185,78
6008,619,37,0,0
6010,0,0,100,24
6012,0,0,300,7
6016,2388,15779,2351,5565
6018,189,124,172,3747
6020,28,1,0,0
6022,0,0,107,4
6026,358,4000,350,2
6030,0,0,520,10
6032,10,7905,20,21
6034,19,11640,28,16415
6036,408,46,0,0
6043,123,36,123,12
6045,0,0,43,37
6047,40,45,40,68
6049,50,42,50,104
6051,2866,34,2608,15
6055,248,4,235,697
6128,0,0,47833,2
6129,38900,70,38125,15
6130,40662,4,37340,11
6131,0,0,34469,1
6133,7102,2,0,0
6135,13891,2,10305,1
6137,130000,2,0,0
6139,27569,3,25555,2
6141,24126,2,22950,1
6143,5798,2,0,0
6145,0,0,1250,1
6147,89997,1,0,0
6155,0,0,161,2
6157,0,0,12587,1
6159,0,0,19000,2
6161,0,0,19000,2
6235,19000,1,0,0
6257,0,0,7764,3
6281,0,0,500,16
6283,0,0,500,3
6285,0,0,790,15
6289,14,1313,13,1510
6291,2200,3,534,50
6306,5,112011,6,5500
6311,307811,3,0,0
6313,0,0,1030,6
6317,14642,6,0,0
6319,500,3,443,35
6322,9397,4,3043,28
6324,585,13,666,23
6326,1169,261,558,175
6328,492,487,486,75
6332,276,112647,267,193032
6333,85,10878,85,19672
6335,0,0,6724,2
6337,0,0,1940,2
6349,2525,1,0,0
6371,15000,1,0,0
6392,1670,7,2123,1
6394,463,5,0,0
6396,1295,5,0,0
6398,606,3,0,0
6416,9750,2,0,0
6418,6000,5,0,0
6470,3,38,3,1
6472,1,50,0,0
6522,2531,31,2331,3
6523,394043,8,371178,6
6524,425511,34,405688,26
6525,55319,1,0,0
6526,0,0,318629,2
6527,182354,2,0,0
6528,290021,18,276519,18
6562,85624,18,77536,3
6563,137245,3,128336,2
6568,529333,5,514554,11
6571,1910000,1,1820000,10
6573,0,0,1825000,2
6583,0,0,1400000,1
6585,1935103,53,1887467,60
6617,7808,5,0,0
6619,0,0,1234,1
6625,7102,1,0,0
6667,9,12,11,1
6685,8845,13939,8675,3957
6687,6387,1603,6378,9122
6689,4142,133,4009,185
6691,2250,2,2175,54
6693,5140,12248,5085,3480
6701,80,20,0,0
6705,373,3181,301,387
6724,48002,3,46290,3
6729,0,0,11555,665
6731,1553015,22,1509255,24
6733,4897050,19,4807168,14
6735,55651,35,46224,15
6737,2973363,43,2913363,44
6739,60752,36,58588,21
6750,1,33,0,0
6752,25,19,0,0
6760,9149,3,0,0
6762,0,0,8556,3
6809,45641,1,38700,1
6812,1459,8502,1426,158
6814,325,40,0,0
6889,2111203,14,2051187,18
6914,2105631,12,2032667,10
6916,1429720,2,1397884,3
6918,1959468,2,1867379,5
6920,328512,2,326342,16
6922,2556224,4,1820197,1
6924,2202556,1,0,0
6959,2427,1,0,0
6962,549,1,0,0
6973,112,3,0,0
6975,1,2,0,0
6977,1996,15,0,0
6979,59,6,0,0
6981,49,3,0,0
6983,117,16,0,0
7051,419,2,0,0
7054,124,2058,115,39
7056,160,1,156,205
7058,0,0,802,36
7060,1181,23790,1143,6411
7112,384,2,0,0
7114,403,1,400,9
7116,1,1,0,0
7122,0,0,2,1
7124,201,2,10,2
7128,1000,1,0,0
7132,200,1,0,0
7136,142,2,0,0
7158,137710,23,131091,33
7159,651,8,530,14
7162,82,1,0,0
7178,38,12,0,0
7188,0,0,351,11
7198,124,192,128,106
7208,548,208,527,594
7218,834,13981,817,508
7225,165,21,100,2
7319,9851,3,8074,4
7321,0,0,1501,1
7323,0,0,16667,3
7325,3194,1,0,0
7327,3711,2,999,2
7329,62,376,42,133
7330,167,479,83,155
7331,141,500,59,164
7334,0,0,2660,1
7336,81050,3,68005,1
7342,37000,1,31557,2
7344,500,1,0,0
7346,2704,1,0,0
7348,33333,3,32444,3
7354,38022,1,0,0
7360,33314,3,32540,6
7362,26419,1,25990,1
7364,0,0,1001,1
7366,0,0,13675,1
7370,5127,1,5652,4
7372,4004,1,4029,3
7374,27000,1,8711,4
7376,30000,1,4853,1
7378,26222,3,21016,16
7380,6000,1,4501,2
7382,0,0,6086,2
7384,0,0,6288,3
7386,0,0,90925,4
7390,0,0,207268,2
7392,0,0,40404,1
7394,187740,3,180331,2
7396,0,0,60808,2
7398,53673,15,0,0
7399,81297,10,73333,1
7400,0,0,7943,2
7416,6509,112,6343,342
7418,5403,850,5503,894
7433,0,0,1250,4
7445,18207,4,0,0
7468,2125,10,0,0
7566,323,15,250,33
7650,789,2,0,0
7668,0,0,1231,3
7936,2,1642465,0,0
7944,492,13951,475,21749
7946,703,5236,683,14918
8007,762,9860,732,10467
8008,494,4976,469,2007
8009,505,5897,477,5589
8010,750,3209,669,8478
8011,628,3374,603,2643
8012,541,33,542,30
8013,527,52662,514,20750
8014,648,190,422,400
8015,922,18448,790,3425
8017,1198,1,0,0
8018,999,183,0,0
8419,2346,4,0,0
8427,22000,104,0,0
8429,57072,11,0,0
8431,1954,1331,0,0
8433,6299,1,5502,200
8435,11253,39,0,0
8443,24147,1,24147,1
8447,40000,4,0,0
8461,0,0,15000,1
8496,855,1,0,0
8522,199999,1,0,0
8778,355,60059,346,20109
8780,721,10513,707,21521
8782,1892,61985,1857,29671
8784,138783,139,137969,15
8786,346621,173,333074,9
8788,1009236,60,981806,17
8790,345,451,313,1189
8792,1507,1576,1362,590
8794,300,28,300,6
8837,960,55,760,6
8872,9999,2,0,0
8880,1814,4,792,1
8882,7,59097,5,8413
8901,777666,6,762668,3
8921,786622,16,767463,26
8924,1500,1,0,0
8925,0,0,300,1
9003,95,45,0,0
9028,1023,100,0,0
9032,200,100,0,0
9034,1241,15,1240,10
9036,0,0,99,86
9040,753,30,747,123
9042,153,13,149,5
9075,60,327508,57,60442
9140,18,12986,16,251
9141,107,4000,90,1096
9142,31,8354,28,18277
9143,211,90154,206,118174
9144,275,151229,265,104256
9177,244,4,0,0
9179,1000,1,152,1
9181,979,3,600,2
9183,1066,8,800,3
9185,10291,303,10073,376
9188,0,0,37,6080
9189,5,25,9,6219
9190,49,189,47,452
9191,87,5622,82,4109
9192,155,73032,150,34893
9193,512,2146,512,17310
9194,8239,8841,8036,6021
9238,11,2000,0,0
9239,0,0,12,7000
9240,29,2800,20,392
9241,30,15000,28,209
9242,140,47342,134,8506
9243,328,101041,323,84127
9244,450,52806,442,42603
9245,8738,11710,8617,23779
9304,1087,407,0,0
9305,999,68,0,0
9336,195,15000,0,0
9337,128,5487,71,1824
9338,102,11000,98,2000
9339,317,3835,311,10159
9340,412,13764,404,28998
9341,870,45228,858,11456
9342,8396,811,8479,2476
9375,24,9700,25,134
9378,72,1000,61,3820
9379,76,5218,64,6050
9380,184,17921,178,18733
9381,306,24318,286,35436
9416,483,2,0,0
9418,934,6,669,1
9419,2699,18,1653,1
9420,0,0,124,1
9431,0,0,9200,28
9436,0,0,150,1
9438,310,2,250,12
9465,10056,5,9300,106
9470,975410,1,957443,1
9634,2748,4,0,0
9636,3125,2,0,0
9638,2720,2,3387,1
9666,28000,3,0,0
9668,24673,6,0,0
9672,5267,6,4285,4
9674,9060,10,6526,17
9676,11209,91,10812,67
9678,16127,2,5249,2
9731,48222,2,39024,2
9735,27,5198,26,390
9736,110,56,86,4246
9739,919,3108,799,330
9741,0,0,441,56
9743,0,0,200,9
9745,0,0,85,5
9978,30,47,30,62
9986,61,8,61,38
9996,0,0,1000,8
9998,1307,23,1069,5
10000,635,11,0,0
10006,13,146,12,122
10008,51,384,23,6
10010,48,29,31,5
10012,19,388,12,133
10014,0,0,101,6
10016,1600,179,1507,27
10018,0,0,101,10
10029,12,8,10,43
10033,485,14600,474,2564
10034,815,32396,788,30572
10053,10000,1,0,0
10065,0,0,6722,5
10067,0,0,5501,2
10069,1402,2,1402,1
10071,3000,2,1036,2
10075,3000,3,3000,1
10081,0,0,15000,1
10083,1505,6,1505,39
10085,0,0,6163,4
10087,0,0,18,1200
10088,10,651,0,0
10089,22,330,10,98
10090,0,0,21,5
10091,7,259,8,3768
10093,0,0,5,7
10095,153,9,101,8
10097,0,0,36,2
10099,316,3,250,9
10101,5,48,5,4
10103,120,3,74,21
10105,0,0,2547,27
10107,0,0,210,41
10109,0,0,550,68
10111,936,1,0,0
10113,540,3,590,4
10115,0,0,30,65
10125,50,86,66,43
10127,136,4,0,0
10129,452,1,0,0
10132,4116,7,0,0
10136,0,0,100,30
10142,4,30,4,230
10144,1,4155,1,2000
10145,1,42548,0,0
10146,0,0,75,1
10147,16,6,14,18
10148,280,2,230,115
10149,99,6,112,4
10150,86,12,20,1
10156,6790,2,0,0
10158,398,330,395,1035
10159,52,5070,51,366
10280,2719,2,2705,1
10282,907,11,544,6
10284,4200,1,2358,12
10286,73066,7,66800,5
10288,25044,6,22222,1
10290,0,0,20600,1
10292,21890,2,0,0
10294,20905,2,20593,2
10296,2111,1,2000,4
10300,0,0,1948,3
10304,0,0,1998,3
10306,5442,2,0,0
10308,0,0,4200,1
10314,0,0,3198,4
10318,19365,1,0,0
10322,0,0,69968,2
10324,0,0,50181,2
10326,153,23,110,724
10327,149,265,91,270
10338,221723791,2,215345345,1
10346,146935061,2,141125000,1
10348,255500000,1,246800004,1
10350,51496969,2,50750000,2
10352,118942154,2,115005465,3
10354,0,0,52222,1
10362,55000,1,0,0
10364,12661,20,10187,2
10366,13273,1,12758,3
10368,0,0,116015,5
10370,170700,13,161664,8
10372,439125,2,418975,7
10374,95293,1,114089,20
10376,29707,2,29480,6
10378,120885,1,129558,12
10380,320197,10,293746,4
10382,108273,4,106704,3
10384,77184,7,61824,6
10386,151995,4,148555,2
10388,330000,2,288438,4
10390,116588,2,113591,3
10394,3098759,5,2969971,3
10396,0,0,2255,1
10410,98136,1,0,0
10416,0,0,1858,1
10420,24984,2,0,0
10422,2024,2,0,0
10428,0,0,190850,2
10440,0,0,10000,2
10442,5000,3,0,0
10444,0,0,3000,2
10446,11850,7,10810,2
10448,7513,3,10000,1
10450,16724,9,0,0
10452,8320,3,9911,7
10454,6453,7,6698,6
10456,11916,6,14992,6
10458,0,0,77525,1
10460,146718,4,106511,1
10462,57544,4,0,0
10464,0,0,58929,2
10466,45793,1,0,0
10468,86000,3,76154,2
10470,3767,4,3302,2
10472,0,0,1739,2
10474,5707,4,0,0
10476,5395,7392,5179,6833
10496,9679,11,6792,5
10564,128075,3,97018,5
10589,26522,1,26258,1
10810,370,2310,322,171
10812,1250,34,0,0
10818,0,0,404,2
10822,4113,8,3530,1
10824,915,9,399,8
10826,1932,13,1500,1
10828,51149,110,49393,110
10891,3475,90,0,0
10925,14166,351,13979,1114
10927,10622,2,10622,41
10929,0,0,6750,13
10931,0,0,3348,54
10937,275,1500,275,201
10958,165,2,0,0
10973,278,9,0,0
10978,0,0,450,1
10981,1115,9,0,0
10999,0,0,501,2
11037,607332,2,569135,6
11061,2930,4,2242,2
11065,990,2,0,0
11069,253,728,253,798
11072,0,0,667,47
11074,455,10,0,0
11076,894,2912,857,99
11079,882,22,0,0
11085,1304,39,1308,962
11088,1177,1,1162,3
11090,2405,1194,2390,7509
11092,2102,607,2041,2579
11095,2293,20,0,0
11105,12540,69,12044,139
11113,11888,1,11887,872
11115,11685,2063,11677,544
11118,12771,37,12232,176
11126,12305,335,12277,2729
11128,1862388,12,1811379,7
11133,1938197,19,1897399,12
11200,36124,2,35316,13
11212,2016,96304,1937,105993
11227,2800,30,2159,2000
11228,0,0,2330,6
11229,3071,7033,3000,8129
11230,1272,76030,1242,29898
11231,0,0,1403,48
11232,1438,21730,1409,21451
11233,0,0,1450,24
11234,2036,15,1972,144
11235,1232746,18,1206859,22
11237,1912,19002,1851,27056
11238,833,6000,786,34
11240,922,2931,844,1152
11242,1609,1392,1550,35
11244,2727,61,2233,25
11246,1527,1,1470,2
11248,3883,14511,3785,29219
11250,3745,1000,3605,682
11252,18398,84,17897,1631
11254,29740,70,28903,100
11256,351000,201,350000,39
11260,612,66921,593,73648
11280,198900,1,0,0
11284,3769088,30,3676450,24
11286,0,0,3645504,7
11324,87,4,77,392
11326,74,9,71,108
11328,0,0,6,74
11330,5,37,8,5808
11332,15,2,16,111
11334,10,11000,7,10593
11367,0,0,35,2
11369,0,0,11,2
11377,0,0,12137,8
11469,0,0,1223,3
11493,0,0,2283,16
11495,1181,1,0,0
11509,0,0,1000,6
11521,0,0,109,29
11785,30317927,17,29656147,12
11787,80000,3,43333,1
11789,115000,1,0,0
11791,9605774,2,9259032,2
11798,545000,1,0,0
11802,9151311,38,8989053,24
11804,16221111,33,15987293,24
11806,22947159,11,22731250,4
11808,19899931,5,19335460,5
11810,0,0,8294121,1
11812,0,0,15302322,1
11814,0,0,21108888,2
11816,0,0,18557005,2
11818,0,0,153001,11
11820,0,0,163601,9
11822,0,0,168951,10
11824,1304430,4,1286903,6
11826,9528522,9,9477860,5
11828,38177195,5,37684959,6
11830,28553785,3,28254196,6
11832,23927629,17,23579744,34
11834,15777954,25,15550016,26
11836,364313,16,318142,9
11838,110890,19,111718,4
11840,399833,211,389938,98
11874,79,21000,0,0
11875,61,27600,61,14503
11889,1712452,11,1638243,11
11902,40903,6,39909,104
11905,605530,8,568149,8
11908,47332,7,46186,15
11920,420786,45,404526,24
11924,2245353,3,2149309,1
11926,4952752,1,4754127,3
11928,0,0,2369000,1
11929,0,0,1359000,1
11930,0,0,299001,3
11933,0,0,275000,2
11934,0,0,1180,28
11936,1608,8887,1577,5488
11940,3,1784,2,17740
11943,2640,13861,2554,2002
11951,869,2352,839,95
11953,0,0,475,2
11955,474,100,0,0
11957,230,722,207,26
11959,1950,27496,1925,20119
11968,12939,1714,12595,69
11972,12957,1727,12608,109
11978,13673,6841,13452,154
11980,14807,4967,14505,1440
11990,0,0,7000,1
11992,127,6,139,1015
11994,28,31838,28,12000
11998,3643938,2,3642179,6
12000,3857365,11,3769419,9
12002,573874,55,564352,24
12004,320491,20,311746,28
12007,32000,1,0,0
12193,39060,1,0,0
12195,42155,1,41332,1
12197,15223,7,13107,2
12201,1242,4,501,1
12203,11797,4,9163,3
12205,45276,1,0,0
12207,9472,2,0,0
12209,0,0,5000,1
12211,29000,1,0,0
12213,10950,1,0,0
12221,0,0,12003,2
12225,44248,2,41650,2
12227,8981,2,8383,1
12229,0,0,850,1
12235,0,0,199000,4
12241,0,0,206055,2
12243,95500,1,75555,1
12245,2701,5,2408,2
12247,0,0,20305,1
12251,0,0,33890,2
12253,125000,1,64323,1
12255,84079,1,44005,1
12257,17173,3,750,1
12259,9701,5,5924,3
12261,13276,4,0,0
12263,8995,2,2550,2
12265,63259,2,0,0
12267,42905,1,0,0
12269,1926,2,951,3
12271,8818,7,0,0
12273,16715,13,7001,7
12275,4300,1,0,0
12277,3814,1,2813,8
12279,0,0,1400,2
12281,2374,2,0,0
12283,3214,2,720,2
12285,0,0,1312,1
12287,3321,1,2485,2
12289,0,0,1508,2
12291,0,0,1842,2
12293,0,0,1300,1
12295,0,0,945,5
12297,4158,6,3044,40
12299,66,7,0,0
12301,988,1,728,1
12305,172,8,0,0
12307,461,2,0,0
12309,0,0,4908,2
12311,15000,2,4236,2
12317,0,0,500,1
12319,0,0,2100,2
12321,0,0,11737,2
12325,0,0,2000,2
12331,0,0,6150,1
12333,0,0,10416,1
12335,166628,1,159000,2
12337,0,0,687204,4
12339,5315,1,0,0
12341,3744,1,0,0
12343,0,0,16329,2
12345,2539,2,0,0
12349,4750,1,0,0
12351,89000,21,0,0
12353,0,0,16003,2
12355,253056,3,0,0
12357,60507,3,0,0
12359,2764,1,2764,1
12361,4134,1,0,0
12375,0,0,3150,2
12377,435,1,0,0
12379,0,0,8150,1
12383,116978,7,0,0
12387,34365,2,46629,1
12397,98999,1,94567,1
12399,0,0,709941,1
12402,37934,265,36767,312
12403,7930,193,7520,563
12404,1271,275,1120,261
12405,1455,459,1282,30
12406,13830,149,13280,655
12407,411,32,366,148
12408,3716,447,3076,331
12409,1302,65,1146,128
12410,1664,416,1473,389
12411,803,28,0,0
12412,0,0,301000,1
12428,3749,1,0,0
12430,0,0,41209,1
12441,0,0,29027,1
12447,0,0,95134,1
12449,267282,1,233571,2
12453,0,0,269697,1
12455,0,0,222222,1
12460,0,0,55000,2
12462,0,0,47912,5
12466,0,0,70685,1
12468,0,0,66329,3
12470,0,0,46055,2
12474,0,0,50000,1
12476,45600,1,41650,2
12478,0,0,55000,1
12480,0,0,113555,1
12482,0,0,55782,4
12484,0,0,55061,3
12486,0,0,42542,2
12488,0,0,42001,1
12490,49485,1,35117,5
12492,145733,7,153434,6
12494,289658,8,272966,4
12496,137000,3,118155,5
12498,76962,2,74777,1
12500,125862,4,105710,3
12502,287292,1,282668,4
12504,131826,3,117075,2
12506,74410,6,70098,3
12508,195621,7,189036,4
12510,364802,1,355129,5
12512,174305,2,138290,5
12514,0,0,12868,2
12516,0,0,3089,1
12518,0,0,7556,1
12522,0,0,10431,1
12524,30913,1,34008,3
12526,571732,4,482171,6
12528,38500,3,0,0
12536,0,0,5000,2
12538,0,0,25305,1
12596,4821320,9,4601804,5
12598,248972,5,225254,2
12601,576038,11,538120,1
12603,204921,5,167848,6
12605,99997,1,77638,4
12613,2012,2,1150,4
12614,1245,4,1242,5
12615,1021,8,1119,3
12616,1163,7,1117,5
12617,2685,5,2550,4
12618,2727,4,2296,6
12619,5507,4,3720,3
12620,6999,5,4332,6
12621,3595,8,2974,6
12622,3809,4,2181,7
12623,1858,6,1810,3
12624,561,5,0,0
12625,9508,23745,9369,4037
12627,7058,148,6838,199
12629,4739,11,4539,44
12631,2358,982,2272,241
12633,4452,6,3200,2
12640,990,150058,974,2800
12642,6344,257,6072,141
12695,17868,8840,17638,6005
12697,13726,1033,12921,232
12699,8558,406,8423,1154
12701,4686,841,4259,52
12775,2647,1640,2591,370
12776,838,42,633,101
12777,950,20,208,94
12778,812,104,701,153
12779,774,515,565,10
12780,2274,12,1428,239
12781,0,0,273,8
12782,688,83,469,28
12783,2546,3,2512,10
12786,59490,316,48978,903
12789,369570,7,335514,3
12800,1260000,7,0,0
12817,517417588,7,512735460,3
12821,24109826,10,23736844,9
12823,0,0,21800000,1
12825,91644824,3,88643787,7
12827,91000000,2,0,0
12829,43194,55,49859,8
12831,768864,14,743691,6
12846,10991197,1,0,0
12849,2207536,1,0,0
12851,35944,29,0,0
12863,767954,33,752772,21
12865,8189,22,6434,2
12867,9648,6,0,0
12869,12300,5,0,0
12871,16412,15,15000,4
12873,717616,6,697438,3
12875,748883,3,722874,1
12877,4154652,43,4050004,10
12879,981910,2,0,0
12881,5264400,7,4992909,3
12883,1853473,5,1762065,1
12900,4447716,14,4346316,10
12902,13514394,11,13187500,6
12905,7044,859,6950,77
12907,4799,1,4305,5
12909,3920,5,0,0
12911,0,0,2065,7
12913,11121,1475,10975,123
12915,8696,100,8045,3
12917,5952,1,5952,4
12919,2991,46,2728,9
12922,13877323,1,13800005,1
12924,14317739,32,14028508,18
12927,0,0,4462550,3
12929,4548151,18,4453231,24
12932,4453703,7,4420540,4
12934,226,733932,221,333465
12938,16518,430,16169,291
12960,649,2,0,0
12964,0,0,20386,1
12968,128101,3,118276,1
12972,526,5,0,0
12974,577,3,0,0
12980,575000,1,565000,3
12984,1393,4,0,0
12986,2067,1,0,0
12988,6626,5,9837,1
12992,93449,2,0,0
12996,450000,1,408391,4
13000,6748,5,6677,3
13002,6495,6,0,0
13004,21467,2,0,0
13008,20034,2,0,0
13012,19705,13,17687,1
13014,34376,1,0,0
13016,84427,1,0,0
13020,32130,1,30539,6
13022,38897,1,0,0
13024,132725,27,127120,19
13026,0,0,126000,2
13028,0,0,162216,1
13032,489684,1,0,0
13036,0,0,41196833,2
13040,293735,5,290000,1
13042,0,0,265802,3
13044,885884,1,875000,1
13048,215000,2,200000,4
13052,0,0,200126,2
13056,0,0,471785,11
13058,0,0,243893,1
13060,238418,8,151117,1
13066,13095,2,0,0
13149,16000,2,0,0
13151,48329,5,0,0
13153,22992,1,0,0
13155,13910,1,0,0
13157,24245,8,0,0
13159,15430,1,0,0
13171,717173,2,0,0
13173,84851,23,85153,6
13175,31170,10,30849,2
13190,14476309,359,14283882,112
13229,165000,21,162755,10
13233,1931271,4,1917286,2
13235,6886154,22,6722606,24
13237,25683170,25,25229766,8
13239,27766119,26,27167836,20
13249,29424,103,25668,97
13256,54000,2,0,0
13263,17885394,7,17637006,8
13265,3456237,8,3359498,4
13271,3345438,10,3252660,8
13383,0,0,1975,181
13385,6534,16,6816,23
13387,13050,67,11171,31
13389,10688,179,10182,38
13391,16,11479,14,15281
13421,8,1299,9,21361
13431,108,8506,107,4822
13439,1506,32405,1502,6249
13441,1792,27274,1769,12339
13448,0,0,10,1
13451,555,1,0,0
13454,0,0,500,8
13460,335,5,335,5
13463,0,0,364,2
13469,0,0,150,2
13472,0,0,113,13
13475,235,11,235,208
13481,0,0,833,10
13484,0,0,551,147
13487,0,0,900,19
13490,0,0,181,9
13493,0,0,500,24
13496,973,70,763,36
13499,0,0,1206,7
13502,1450,2,1450,406
13508,1935,1,1828,305
13511,2849,7099,2850,2149
13573,808,18887,783,31969
13576,12774375,18,12391965,28
13652,53296301,9,52836687,11
13658,322,10,0,0
19478,790070,6,761423,3
19481,1110331,26,1075152,9
19484,916,2212,876,1234
19490,1982,580,1692,3
19529,0,0,19887475,7
19544,21952019,18,21588400,11
19547,22459227,38,22035180,19
19550,22386566,11,21996508,10
19553,21901895,51,21491158,24
19578,0,0,266,261
19580,539,84806,533,30878
19582,979,24205,956,13028
19584,1,31376,2,7000
19589,0,0,220975,2
19592,0,0,29088,5
19601,0,0,29003,2
19610,760000,1,751265,1
19613,3806,34,3037,48
19615,2402,117,2211,173
19617,2348,383,2262,27
19619,4289,791,4089,93
19621,3804,235,3695,42
19623,4455,250,4123,107
19625,2797,22,2290,6
19627,3999,60,0,0
19629,4428,415,4225,741
19631,4594,62,4087,7
19653,0,0,55,1
19662,808,19,650,98
19669,971,8584,949,26797
19672,5630,250,5009,800
19707,48958388,5,47630113,2
19915,0,0,5092,1
19918,0,0,3000,1
19921,543406,7,532796,6
19924,444862,4,432251,1
19927,401590,4,377360,4
19930,719265,4,700958,6
19933,423759,7,391720,7
19936,526449,5,499927,4
19991,0,0,25001,2
19994,887647,4,0,0
19997,1233000,2,0,0
20002,181509,4,195853,1
20008,0,0,8344,1
20017,0,0,16707443,2
20026,0,0,24666,2
20032,0,0,16666,1
20038,50000,1,0,0
20041,0,0,31750,1
20044,49000,1,43647,1
20047,15000,2,0,0
20050,827147,3,779187,2
20053,0,0,14500,1
20056,264309,6,243000,2
20059,4365935,2,0,0
20062,94000,1,68474,10
20065,4347099,3,4233688,1
20068,148790,2,0,0
20074,8688606,2,0,0
20077,274901,1,249143,1
20095,10650000,2,10220000,1
20098,21000000,1,20390650,1
20101,3183000,2,0,0
20104,10601042,1,9968638,1
20107,3276555,1,0,0
20110,0,0,7400,3
20122,0,0,5501,2
20125,19997,1,5402,5
20128,18445,2,0,0
20131,104000,2,96751,3
20134,10388,2,6955,5
20137,96800,2,99761,3
20140,9151,3,0,0
20143,79992,5,32000,1
20149,0,0,2679794,6
20152,0,0,1869713,5
20155,5810000,1,5751801,1
20166,134980,1,134900,2
20169,0,0,27074,1
20172,0,0,3806,2
20181,0,0,10000,2
20190,0,0,2537,1
20193,5348,1,0,0
20199,5529086,1,4802893,2
20202,0,0,1178191,1
20205,0,0,320501,2
20208,0,0,200249,1
20211,0,0,3948364,1
20214,0,0,1729000,1
20217,0,0,1977177,2
20220,11373,6,11392,17
20223,12580,20,10243,15
20226,4347,16,3730,8
20229,4364,1,4546,6
20232,8470,13,5655,6
20235,8694,14,5465,13
20238,110,10,106,163
20240,0,0,3490,3
20246,0,0,2189,2
20251,2000,1,0,0
20254,0,0,966,1
20257,0,0,1500,1
20260,4775,2,5000,1
20263,0,0,1000,2
20266,10613,1,0,0
20269,11999,1,4346,1
20275,0,0,1083,1
20376,40000,1,0,0
20382,0,0,60986,1
20517,254172,19,224158,21
20520,121597,30,113091,27
20590,680000,2,0,0
20595,104129,8,108756,38
20716,1363445,34,1328826,21
20718,5282,3288,5172,4668
20724,111202141,1,0,0
20727,66891,13,63958,4
20730,127282,6,121680,2
20733,240047,3,198780,1
20736,16778,7,11701,9
20739,49000,2,0,0
20756,1236896,1,1200900,10
20849,420,278,404,3688
20997,1532064904,5,1527068608,6
21000,17620331,13,17286639,10
21003,109918578,6,107840715,7
21006,90184855,6,88311427,7
21009,947842,10,814102,12
21012,43781522,11,43323170,13
21015,14527715,9,14311780,14
21018,70571774,5,69593742,7
21021,147479256,7,146720325,6
21024,109712145,6,107815127,10
21028,2385087,7,2309660,8
21034,38669901,6,37876807,7
21043,0,0,85912122,1
21047,46966,2,47342,29
21049,328064573,1,0,0
21079,0,0,6524764,4
21081,1022,10,940,70
21084,0,0,394,2
21090,1100,9001,1000,11
21093,1400,950,1300,26
21102,1000,500,964,36
21105,5056,652,5050,488
21108,533,3,0,0
21111,930,636,924,100
21114,5320,1,5123,410
21126,3339,99,2459,107
21129,281,1,0,0
21140,4868,17,4897,1
21143,1709,6156,1695,1222
21146,2291,5086,1957,2747
21160,326,10,0,0
21163,1241,1596,1171,1731
21166,6212,2038,6099,258
21177,1741,1042,1722,161
21180,975,11,766,5
21183,5828,1297,5728,309
21257,682,2,594,1
21270,0,0,9051115,1
21279,1888029,12,1824768,2
21298,551509,7,542638,12
21301,798251,10,771484,6
21304,634392,8,605786,7
21316,302,7463,291,6073
21318,261,2000,192,150
21326,277,201487,273,140292
21332,0,0,550,359
21334,680,60,0,0
21336,1235,2244,1069,997
21338,0,0,272,135
21347,3431,57325,3422,47196
21350,262,267242,258,35441
21352,821,2780,820,11225
21387,36163,8,34544,9
21477,509,239,469,16
21480,1035,1661,755,25
21483,416,19630,400,1642
21486,63,120,51,67
21488,433,137,139,512
21490,51,180,40,52
21504,0,0,265,3995
21518,1727,30,1195,28
21521,1855,361,0,0
21543,0,0,66,18
21545,0,0,105,20
21555,16,108501,15,35011
21622,76,38561,74,2712
21626,0,0,7125,13
21634,17751477,5,17000000,1
21637,16000000,3,0,0
21643,148114,4,139036,1
21646,19709,10,18563,38
21652,964,1200,909,650
21690,6750,66,6133,9
21730,0,0,2202000,1
21733,2880754,7,2807414,4
21736,221605,11,181202,14
21739,30824,3,28701,7
21742,6684191,7,6523356,13
21754,250,300,0,0
21802,443,5132,447,4290
21804,151225,13,148326,16
21807,0,0,499100,85
21810,0,0,996501,86
21813,0,0,1996502,16
21817,43166,963,43180,2537
21820,178,756390,175,888317
21838,0,0,14876,27
21880,258,845991,254,134551
21892,2602912,3,2608736,6
21895,90000000,1,86055888,1
21902,828071,57,808794,68
21905,3705,5,3660,2606
21918,806444,24,804276,17
21930,3777,9190,3660,27701
21932,4293,6644,4006,30661
21940,4282,3127,3888,1312
21944,4021,36446,3937,8579
21946,3875,11225,3808,21175
21948,3943,750,3844,729
21950,9798,30,9290,5
21963,0,0,3830,190
21967,3880,9547,3860,31
21969,3597,4260,3480,4160
21971,0,0,3811,1
21973,0,0,11222,7
21978,23998,154,0,0
21984,0,0,10000,2
21987,0,0,5295,1
22003,16269920,9,15930600,9
22097,1898912,1,0,0
22103,0,0,90101,10
22106,35152,1,0,0
22111,107866,13,93104,2
22118,0,0,259,169
22124,24728,1676,24249,7776
22192,1879,100,0,0
22195,1903,32,0,0
22198,1958,10,2121,86
22201,3100,32,2616,14
22204,2820,2413,0,0
22209,23987,1466,23356,316
22212,18900,2,18630,4
22215,0,0,11278,76
22218,0,0,5757,43
22231,0,0,10900,1
22239,3913674,1,3660000,1
22246,8026497,5,7557037,3
22251,33,111,32,7
22257,159,750,0,0
22263,1800,6,1500,1260
22266,892,1,646,30818
22269,186,2,186,1
22272,326,5,126,3
22275,7500,1,3458,2
22278,5058,1,0,0
22281,6464,4,8055,6
22284,16944,17,16255,13
22294,7103318,4,6837663,2
22296,9880557,2,9410824,2
22299,0,0,3995505,11
22302,0,0,7990001,7
22305,0,0,15974002,11
22324,36990456,16,36399645,19
22326,14294278,2,13887334,15
22327,12527230,5,12254184,11
22328,9800000,2,9465737,9
22368,5183333,3,5146999,3
22372,0,0,5020125,2
22438,36612605,10,35842154,3
22443,17500,1,17499,802
22446,12789,1880,12454,4573
22449,0,0,18324,13
22452,16500,30,0,0
22461,22988,1720,21819,2589
22464,0,0,16100,4
22467,0,0,8975,7
22470,4627,1,4500,4
22477,43036115,2,42364854,8
22481,19412389,11,19310697,11
22486,1507196000,1,1503262233,4
22542,4995462,3,4840776,9
22547,13764737,6,13615544,6
22552,3405798,2,3306150,5
22557,790303,35,764917,27
22593,142,28850,123,1541
22595,144,26100,140,5742
22597,134,24499,130,5432
22599,1748,285,1463,374
22601,1572,495,1569,207
22603,1883,4648,1216,5018
22731,43781,1,0,0
22780,806,257,834,2877
22783,0,0,2198,24
22786,6962,450,6683,832
22795,665,471,0,0
22804,15168,2366,14582,1853
22806,0,0,15402,1
22808,10097,13,0,0
22810,13987,885,13346,1665
22832,0,0,17,1
22856,18588,188,17012,1
22859,11155,176,0,0
22866,150077,242,146968,64
22869,15018,8,15458,170
22871,9116,7,9041,49
22873,13,14,16,107
22877,141999,400,141762,191
22879,2460,855,2196,867
22887,5164,69,4973,663
22929,1068,515,1060,2032
22932,0,0,522,17
22935,8800,3,8772,349
22949,2464,176,2244,92
22951,396990,23,378876,19
22954,380000,8,375500,4
22957,341682,1,0,0
22966,0,0,67620520,2
22975,5807677,10,5649437,19
22978,70794724,19,70173745,10
22983,14304084,8,14106197,11
22988,124924,7,111111,1
22994,1646322,4,1601043,10
22999,12350,26,0,0
23002,15961,98,12000,1
23037,503,2,52,1
23050,89156,1,85000,4
23053,139999,1,84111,3
23056,0,0,44004,1
23059,0,0,37777,1
23110,152831,1,151001,1
23113,151373,15,148188,8
23116,354221,2,0,0
23191,624152,2,0,0
23194,0,0,706450,1
23197,586734,1,536000,1
23200,0,0,994512,1
23203,592154,2,520285,1
23206,0,0,2700,1
23209,41329,1,36501,1
23212,0,0,39151,2
23224,0,0,9500,2
23227,24985,5,0,0
23237,5933,1,5866,5
23246,4919055,9,4731359,4
23249,2045095,1,0,0
23252,0,0,35565,1
23255,0,0,5916,2
23264,2500000,2,2471883,2
23273,0,0,14827,2
23285,259823,4,247795,2
23288,0,0,50000,2
23291,21354,4,0,0
23294,0,0,35137,6
23297,0,0,38820,1
23300,0,0,124867,4
23303,0,0,23333,1
23309,3111,1,2952,2
23312,0,0,3003,1
23315,4399,1,3003,1
23321,0,0,5309,1
23324,4099,2,6497,1
23348,65443,2,52026,2
23351,5064962,3,4864876,2
23354,528064,2,0,0
23357,82594,4,0,0
23360,0,0,1843668,1
23366,0,0,2484,1
23369,0,0,922,2
23387,2300,9,2110,6
23389,493067,12,460002,11
23395,0,0,9090,3
23401,0,0,9029,1
23407,0,0,501,4
23410,5563,5,3472,3
23413,0,0,43689,1
23490,114371,956,110999,977
23499,33457,351,32522,46
23517,11068,1,11101,34
23522,0,0,6000,1
23528,109705,3,103958,3
23685,23000,20094,22574,2122
23688,0,0,16632,79
23691,13444,2,10622,580
23694,5650,11,5596,173
23697,5700,37,4811,55
23703,0,0,1531,12
23706,0,0,812,16
23709,5503,306,5121,144
23712,4473,1,4038,1
23715,0,0,1999,1
23718,0,0,1708,2
23721,3986,103,0,0
23733,7073,10040,6857,2407
23736,5634,27,5146,54
23739,3484,224,3210,207
23742,1774,24,1739,208
23745,2350,124,2101,449
23748,0,0,1350,1
23754,893,2,536,4
23908,48999,2,0,0
23943,0,0,2408177,2
23953,0,0,17682899,4
23956,7716550,14,7559962,45
23959,1623911,67,1586566,16
23997,0,0,148962667,3
24000,0,0,418601,2
24006,17896,3,0,0
24034,0,0,1166633,3
24037,985995,1,910777,1
24040,0,0,1209086,2
24043,0,0,156000,1
24046,0,0,200681,2
24144,28578064,1,0,0
24187,575939,148,561057,180
24229,1423079,41,1391703,38
24251,16389,1278,15950,514
24268,18806966,14,18388116,16
24288,265075,4,256506,5
24291,454310,9,437557,3
24294,441621,3,375974,8
24333,1149029,1,1099033,2
24336,1140,200,952,28
24387,0,0,1083473,1
24399,1999999,2,0,0
24417,207608709,1,0,0
24419,26789278,5,26415370,4
24420,58246757,4,57166803,5
24421,63870156,1,63596517,3
24422,41717281,10,40727702,9
24463,2662816,2,2492472,2
24488,156571333,4,154287447,4
24511,184105558,3,178110000,1
24514,42111111,3,40972892,3
24517,153999999,2,152806303,3
24585,84935,131,80187,150
24587,7186600,5,7021545,1
24589,120,46692,111,48005
24592,92,46944,88,49527
24595,82,96293,74,59005
24598,3091,22244,2869,14110
24607,161,135216,159,93112
24613,57,17698,53,28369
24615,58,5600,51,5029
24621,71,14616,66,3110
24623,25380,228,24413,3
24632,5023,2,0,0
24635,28445,2246,26454,1557
24638,16979,1,16072,1
24641,0,0,11925,10
24644,0,0,6722,2
24740,24983,3,18822,4
24774,65,6,0,0
24777,6116374,51,6082941,17
24844,3439571,16,3392930,2
24949,1297,1038,750,17
24951,898,69,0,0
24953,1226,3149,1184,3
24955,905,10,905,5
24957,1311,1015,1273,8
24959,1377,100,0,0
24961,1400,1796,1437,52
24963,1373,154,1354,21
25013,0,0,3830000,1
25099,522707,6,0,0
25139,666,100,0,0
25389,110000,3,97822,14
25392,0,0,15227,2
25395,84000,4,80175,8
25398,0,0,58000,5
25401,144909,11,134138,8
25404,164448,49,157804,13
25407,35780,11,32630,44
25410,48883,25,47894,64
25413,74869,30,72796,9
25416,160462,60,154896,10
25419,6398,220,5975,218
25445,0,0,1505,1
25454,18292,11,0,0
25478,355,1,0,0
25481,353,1,0,0
25521,0,0,100000,3
25576,424784,6,410060,4
25578,2188,4400,2060,233
25766,104,35,104,79
25769,63,16678,62,5857
25772,0,0,613,64
25775,0,0,1425,259
25778,2456,2,2457,497
25849,335,163573,327,90159
25853,499,162112,0,0
25859,151701124,7,148188778,3
25862,143883289,6,141496571,8
25975,6113166,44,5984211,24
25985,3731266,17,3639767,17
26219,23795264,33,23405215,27
26223,0,0,46750,2
26225,29189,1,28499,1
26229,0,0,23000,4
26231,8808,149,8506,104
26233,35274784,6,34414551,2
26235,93056430,11,91762892,8
26241,9937786,14,9647901,9
26243,48565791,9,47439448,16
26245,38492201,11,37560073,13
26340,9779,30,9151,90
26342,0,0,6251,16
26368,9207,56,8450,1
26370,0,0,33600000,1
26374,351849550,4,348491992,5
26382,262313839,4,256436713,1
26384,223187059,3,220750414,3
26386,164261265,4,160431047,8
26390,144832,82,139570,158
26421,900252,3,874589,1
26430,25591,8,0,0
26479,765118,17,0,0
26528,793697,15,700000,2
26541,0,0,150000,1
26798,0,0,1482,30
26804,104,1,0,0
26815,398357,6,370000,1
26945,2377921,23,2257774,12
26997,1854,80,1853,283
27014,55068,14,54295,11
27202,2544,1659,2437,309
27205,0,0,1695,10
27211,700,1,511,3
27226,20598269,7,20054271,6
27229,0,0,50662236,19
27232,34788940,1,33490754,13
27235,30918153,3,30101619,5
27238,92370979,7,90111724,2
27241,62383260,7,60915872,5
27272,2169,1,2147,718
27277,899356346,1,892886125,7
27355,183721000,4,185866674,2
27612,70804591,10,69560236,17
27614,14051921,4,13635963,8
27616,15,489424,15,435938
27629,10952,2133,10693,319
27632,8000,10,7740,21
27635,7125,20,5291,26
27638,0,0,3102,26
27641,118280201,2,117784153,6
27652,14303164,33,14020580,22
27657,5192308,20,5094845,16
27662,3776102,8,3618658,12
27667,54785,7,48669,12
27670,59948,2,49033,2
27673,47999,5,44856,11
27676,3561417,3,3409537,4
27681,17056043,3,17371429,7
27684,1774670,2,1759612,5
27687,15900000,6,15890008,1
27690,36809459,64,36121112,16
27785,3500000,1,3362797,1
27897,0,0,671,68
28152,0,0,450,400
28154,0,0,22252,5
28157,36,71711,0,0
28177,0,0,2000000,1
28211,0,0,1601000,1
28217,2139119,1,2040000,2
28276,57583,9,45011,10
28295,3024999,1,0,0
28298,5338000,1,0,0
28307,115376550,6,114758271,8
28310,41704851,11,41437736,4
28313,37380784,4,36640402,8
28316,30657644,7,29788558,2
28334,289641,76,274832,81
28338,269679509,3,264867918,11
28583,96055,1,0,0
28628,2951,5865,2948,1179
28684,6682982,4,0,0
28690,3738024,3,3688423,4
28693,1408853,1,0,0
28705,1425000,1,1021000,1
28790,812,1489,696,51
28810,955118,19,929338,10
28824,973,678,925,79
28834,0,0,176025,2
28837,15,1000,0,0
28869,7025,48,6660,40
28872,105,36198,89,3321
28878,243,30934,225,16184
28893,686,15,0,0
28896,0,0,100,158
28899,225,3125,209,2895
28919,40818281,5,39724171,3
28924,165,97240,160,43325
28929,123,1000,120,4500
28931,17474,2111,15951,123
28933,1267575,7,1234085,2
28936,3165135,2,3005230,5
28939,4612606,2,4389912,5
28942,2423671,4,2360216,6
28988,385367,9,368864,13
28991,165,127446,147,75691
28997,4940682,7,4853763,13
29000,2238232,24,2186648,35
29004,1309101,10,1288162,12
29007,1643020,8,1564212,7
29010,816469,5,792164,4
29013,1565444,11,1529234,13
29016,3346655,18,3215421,9
29019,830394,7,765959,10
29022,2987805,6,2935962,5
29025,6501666,10,6354564,7
29028,984770,9,953829,4
29049,425114,8,425109,20
29052,470666,16,420000,3
29055,0,0,61798,7
29058,0,0,589001,2
29070,0,0,5610002,2
29084,74181,35,72645,14
29090,5924,185,5908,96
29101,0,0,40,20
29104,0,0,950,20
29110,62,20,61,258
29113,0,0,2277,620
29116,330,9102,304,287
29119,0,0,115,15
29122,0,0,75,22
29125,106,656,100,106
29134,0,0,1094,3
29137,0,0,416,8
29140,640,1850,626,654
29143,2717,2944,2682,127
29152,0,0,165,2
29163,0,0,4888,399
29166,27,10,25,393
29171,2296,1,2001,14
29174,0,0,320,45
29177,943,6,0,0
29183,2400,75,0,0
29192,2022,392,1512,125
29195,1888,235,2014,235
29201,0,0,310,3
29253,30234,2,0,0
29256,26483,1,0,0
29280,15442,65,15189,199
29283,33550,29,31145,45
29286,15932,72,15568,150
29289,15773,583,14881,166
29292,13797,30,13263,519
29307,6815,313,6637,127
29311,3,113,3,2637
29412,0,0,74,1
29415,674,3,674,3
29424,9845891,1,9036768,2
29449,11058,15,11032,2619
29455,29856,10,28983,8
29458,121,425,118,1240
29486,40000,3,0,0
29574,0,0,1914269,1
29577,4129136,22,4038918,17
29580,16639284,31,16272184,11
29619,0,0,59739496,1
29625,0,0,201684743,1
29684,5154,2,5000,20
29782,18267,225,17451,417
29784,2681,4949,2675,13690
29796,49471827,31,48803111,21
29801,67768274,22,66786382,22
29806,2996146,12,2968607,44
29824,22102,2348,21638,327
29827,0,0,16125,15
29830,0,0,11889,6
29833,0,0,5714,15
29889,68931,6,51994,10
29895,200,7983,161,5826
29952,0,0,180,20
29955,618,3,0,0
29993,25277,2585,24807,1663
30002,5918372,4,5745605,2
30040,49998,29,0,0
30066,422222,2,357805,2
30068,709,300,650,1227
30070,17797668,8,17369918,11
30073,1177904,5,1105488,2
30076,1689498,4,1628243,9
30079,1083760,8,1032861,10
30082,516723,7,492092,4
30085,0,0,539001,60
30088,39482,64,38765,375
30094,7129,223,7000,58
30097,7105,242,0,0
30100,8151,1991,8200,501
30125,40600,1801,39783,39
30128,0,0,27501,30
30131,0,0,18375,1
30134,0,0,10005,1
30137,31390,2408,31002,133
30140,0,0,21884,1
30143,0,0,15300,3
30146,0,0,8400,7
30321,268211,4,247222,4
30328,1700,5,0,0
30408,37010,4,0,0
30432,0,0,2774790,4
30443,1477872,4,1333637,8
30451,573258,4,434622,6
30459,2844888,1,0,0
30554,358249,1,0,0
30616,7000,100,6531,2
30619,5200,80,5150,4
30628,0,0,2380003,2
30631,0,0,2765000,4
30634,5623011,19,5466019,11
30744,283654521,6,280666667,6
30750,92798235,12,90354428,11
30753,95392067,6,93737772,12
30756,94516016,2,93849400,10
30759,3270041,4,3223556,8
30765,0,0,195075,1368
30771,184,38302,176,126921
30773,1645,6778,1598,8667
30775,46084,373,42424,21
30795,19717,11,19796,24
30800,259,133,250,2512
30810,133516,7,121218,136
30813,149496,30,144538,120
30816,44828,25,42566,57
30819,47495,29,41907,41
30822,48487,43,42005,78
30825,0,0,78500001,3
30828,0,0,6905122,2
30831,56232,1,55011,1
30834,99000,19,72638,6
30840,0,0,96646,10
30843,593,184693,583,91568
30848,307,10080,0,0
30895,432881,4,405111,5
30900,120,14044,108,15400
31004,75,31400,0,0
31010,0,0,110,6000
31032,0,0,6750,114
31045,0,0,65,243
31049,0,0,1081,40
31081,516536,28,496905,8
31086,4947,1,5210,12
31088,170954008,19,167967928,10
31099,297015,135,289966,128
31106,70853941,10,69504429,15
31111,284,315897,263,219995
31115,47234383,18,46389278,15
31136,15887999,12,15408299,3
31139,6380373,10,6007962,4
31142,6082069,14,5880871,4
31145,0,0,640733072,2
31148,97163306,8,0,0
31160,0,0,392271,1
31163,548954,23,0,0
31166,87498,6,0,0
31169,5000000,1,0,0
31184,77000,1,58000,1
31193,68310,1,0,0
31196,150000,1,82244,1
31205,402401,3,0,0
31208,0,0,484685,10
31235,20,9752,14,7769
31243,3673898,2,3103740,2
31245,0,0,1931000,1
31248,2052816,30,1976454,12
31389,5700,500,0,0
31406,59648,1836,58670,5032
31432,3364,1437,3329,415
31435,3934,4227,3818,1109
31438,5030,120,4814,935
31441,899,110,0,0
31443,954,1001,930,500
31457,1250,30,1213,536
31460,0,0,852,1730
31469,995,1,918,13
31472,740,306,708,51
31475,3074,910,2999,181
31478,2376,266,2364,25
31481,0,0,2800,1297
31484,4000,61,3825,254
31487,3902,247,3902,2243
31502,3799,21,0,0
31505,8888,150,0,0
31508,43000,6,0,0
31511,0,0,267,400
31513,891,2,609,78
31515,2435,41,2218,147
31541,10,96,10,33
31543,1303,205,1042,458
31545,1356,233,823,518
31547,956,536,960,77
31549,6043,20,5506,104
31551,39974,6,38003,62
31553,1427,97,1215,1577
31556,289,8,289,353
31561,3283,2397,3072,4767
31569,0,0,1700,30
31572,0,0,1407867,7
31585,1496781,3,1425000,1
31587,7150,2,0,0
31590,10484,20,0,0
31593,0,0,5407,1
31599,2000,1,0,0
31602,2799,4,0,0
31614,5000,12,4705,2
31617,0,0,3750,1
31623,0,0,2551,1
31626,1991,169,0,0
31629,1047,1,0,0
31638,15255,4174,13700,3
31641,10072,1,6849,785
31644,0,0,7225,62
31647,4600,1,3759,32
31650,3966,617,3701,793
31653,0,0,2271,150
31656,0,0,1521,1
31659,0,0,870,1
31665,5495,2,0,0
31668,4695,2155,4449,300
31708,0,0,180,14
31710,782,6790,756,227
31716,327,1033,329,50
31719,1941,2,1907,4
31729,4301,2792,4228,27282
31906,6,29001,7,44378
31908,15,46660,12,10303
31910,254,34288,249,48593
31912,520,38046,509,33180
31914,965,7049,939,90116
31916,2551,1571,2600,4498
31946,0,0,500,1
31949,27789490,1,27607891,1
31952,708703,11,684759,26
31959,413333,3,393554,12
31961,34269446,2,33620001,2
31964,117,140,100,23
31967,57,20,48,30
31970,446,3140,417,869
31973,1199,3963,1176,3510
31976,1940,2795,1756,46
31979,2381,2331,2324,1474
31989,17987,23,16151,19
31996,1307001,92,1273357,99
31999,0,0,81,15
32002,1803,345,910,187
32005,2849,115,2524,36
32008,3215,20,3104,2
32011,7032,106,6437,10
32014,59390,72,60000,10
32017,2785083,19,0,0
32020,0,0,110,3
32023,0,0,3002,16
32026,19973,216,19135,16
32029,24622,369,22217,3
32032,48361,167,46300,32
32035,300000,272,0,0
32038,0,0,5356142,18
32044,554,110,551,6
32047,1309,642,500,5
32050,4904,32,4516,376
32053,11435,294,11397,30
32056,10200,150,10044,1
32059,15700,46,14962,26
32068,11002,52,0,0
32071,34525,182,34531,32
32074,64941,162,59982,16
32077,69407,186,65489,1
32080,86649,16,81251,7
32087,0,0,3310777,2
32090,2000,7,1479,23
32093,0,0,4526201,1
32096,37096445,3,0,0
32099,750000,1,667668,4
32115,5688167,7,5621568,36
32307,0,0,551,2379
32309,0,0,125,19
32317,0,0,145,2
32325,407,1,400,4525
32328,899,50,0,0
32333,0,0,2400,154
32336,3265,2220,3219,7460
32341,2100,72,2100,5163
32344,2610,2033,2600,590
32349,6020,322,6006,3301
32352,6643,2347,6240,7320
32360,69,1,31,5
32362,0,0,2080,5020
32364,1165,676,1000,125
32366,1434,903,1355,250
32368,0,0,1401,41
32371,1533,250,1122,94
32374,0,0,3996,250
32380,17500,100,16079,143
32383,0,0,58237,14
32876,0,0,6550000,1
32879,7700000,1,7303339,3
32889,489,5236,407,6552
32892,2596,557,2506,61
32904,913,7495,876,1735
32907,185,29364,173,6878
32910,994,18205,972,3145
